0610005C13Rik	4815
1700018A23Rik	18
1700018L02Rik	82
1700066M21Rik	1906
1700086O06Rik	93
1700108J01Rik	0
2010103J01Rik	0
2300009A05Rik	399
2310061I04Rik	957
2610028H24Rik	0
2610203C22Rik	27
3110009E18Rik	30
3200001D21Rik	0
4930451E10Rik	0
4930473H19Rik	0
4930500F10Rik	0
4930506C21Rik	18
4930507D05Rik	0
4930556N13Rik	0
4932702P03Rik	5
4933411K16Rik	0
5730409K12Rik	0
6230400D17Rik	2
6430562O15Rik	0
9330162012Rik	96
9430091E24Rik	92
9630013K17Rik	0
9630015K15Rik	19
A230108P19Rik	5
A430057M04Rik	5
A930013F10Rik	0
AA467197	6
AW495222	8
Aadat	3739
Aamp	3740
Aars2	456
Aass	7718
Abat	5477
Abca9	176
Abcb10	1399
Abcb6	1244
Abcb7	1678
Abcb8	766
Abcd1	516
Abcd2	216
Abcd3	18179
Abhd10	307
Abhd11	1447
Abhd11os	8
Abi1	2455
Acaa1a	5896
Acaa1b	29658
Acaa2	25242
Acaca	2580
Acacb	2410
Acad10	460
Acad11	6059
Acad12	59
Acad8	1803
Acad9	1182
Acadl	5524
Acadm	7820
Acads	2723
Acadsb	5702
Acadvl	10571
Acat1	10274
Ackr4	50
Acly	9750
Aco2	3595
Acod1	4
Acot10	2
Acot11	253
Acot13	1714
Acot2	59
Acot7	587
Acot9	106
Acoxl	0
Acp6	1300
Acsf2	5210
Acsf3	897
Acsl1	29917
Acsl6	15
Acsm1	11633
Acsm2	81
Acsm3	2816
Acsm4	0
Acsm5	3163
Acss1	21
Acss3	745
Adck1	388
Adck2	275
Adck5	764
Adcy10	0
Adhfe1	3355
Afg1l	361
Afg3l1	1427
Afg3l2	1926
Agk	157
Agmat	4662
Agpat4	31
Agpat5	442
Agxt	7073
Agxt2	7639
Ahcyl1	3700
Aifm1	3651
Aifm2	657
Aifm3	141
Ak2	7066
Ak3	15620
Ak4	1330
Akap1	3171
Akap10	473
Akr1b10	78
Akr1b7	1
Akr7a5	4015
Alas1	2580
Alas2	3624
Aldh18a1	48
Aldh1a7	9584
Aldh1b1	1137
Aldh1l1	35318
Aldh1l2	24
Aldh2	51785
Aldh3a2	5350
Aldh4a1	7577
Aldh5a1	2013
Aldh6a1	13025
Aldh7a1	13903
Aldh9a1	6493
Alkbh1	288
Alkbh2	178
Alkbh7	413
Amacr	4218
Amt	1655
Angel2	628
Ankrd12	255
Ankrd42	29
Antkmt	1150
Apex1	998
Apex2	446
Apoa2	203432
Apoo	988
Apool	867
Arf5	2000
Arg2	3
Arhgap44	32
Arl2	126
Armc10	193
Armcx1	75
Armcx2	86
Armcx3	263
Armcx6	9
Arvcf	364
Atad1	2018
Atad3a	1684
Atp23	148
Atp5f1a	22742
Atp5f1b	24074
Atp5f1c	9365
Atp5f1d	7751
Atp5f1e	5838
Atp5if1	521
Atp5mc1	2447
Atp5mc2	154
Atp5mc3	16544
Atp5me	2202
Atp5mf	7793
Atp5mg	704
Atp5mj	3686
Atp5mk	1880
Atp5pb	11229
Atp5pd	5435
Atp5pf	11328
Atp5po	6326
Atpaf1	95
Atpaf2	697
Atpsckmt	789
Auh	1314
Aup1	3867
Aurkaip1	2158
Azi2	1649
B3gnt4	0
BC048644	33
Bad	283
Bak1	483
Bax	753
Bbc3	340
Bbof1	328
Bcap31	6085
Bcat2	1076
Bckdha	5218
Bckdhb	2958
Bckdk	345
Bcl2	71
Bcl2a1d	10
Bcl2l1	999
Bcl2l10	0
Bcl2l11	125
Bcl2l13	812
Bcl2l2	533
Bco2	1244
Bcs1l	513
Bdh1	4403
Bid	441
Bik	416
Bloc1s1	2366
Bmp8a	0
Bnip3	4655
Bnip3l	1723
Bok	295
Bola1	415
Bola3	1632
Bphl	4881
Bud23	1029
Bud31	1542
C030006K11Rik	145
C1qbp	3682
C330018D20Rik	286
C430014B12Rik	67
Cacna1d	79
Camk1	331
Car5a	1362
Car5b	128
Cars2	643
Casp3	668
Casp8	1471
Casp9	614
Cat	116482
Cbr2	0
Cbr3	7
Cbr4	736
Ccdc127	803
Ccdc142	141
Ccdc159	175
Ccdc51	420
Ccdc78	7
Ccdc90b	263
Ccnc	814
Cd63-ps	0
Cdc123	1431
Cdc37l1	1889
Cdc42bpa	725
Cdh12	22
Cdk5	640
Cdk5rap1	266
Cebpz	1142
Cebpzos	579
Cela2a	33
Cenpq	77
Cenpu	15
Cep89	207
Cfap157	5
Chad	0
Chchd1	725
Chchd10	11211
Chchd2	7722
Chchd3	3369
Chchd4	281
Chchd5	322
Chchd6	54
Chchd7	522
Chdh	3443
Chpt1	7889
Ciapin1	1097
Cisd1	3800
Cisd3	1762
Ckmt1	3
Ckmt2	0
Cldn20	3
Cldnd2	7
Clpb	1366
Clpp	1726
Clpx	8378
Clybl	1629
Cmc1	736
Cmc2	316
Cmpk2	273
Coa3	1654
Coa4	297
Coa5	3066
Coa6	781
Coa7	628
Coa8	527
Coasy	3205
Comt	24522
Comtd1	157
Cops3	1237
Coq10a	1200
Coq10b	1086
Coq2	1184
Coq3	771
Coq4	233
Coq5	1195
Coq6	359
Coq7	605
Coq8a	11418
Coq8b	246
Coq9	2167
Cox10	362
Cox11	428
Cox14	720
Cox15	584
Cox16	0
Cox17	1434
Cox18	400
Cox19	1517
Cox20	1516
Cox20b	0
Cox4i1	19410
Cox4i2	5
Cox5a	4907
Cox5b	4256
Cox6a1	11108
Cox6a2	0
Cox6b1	9508
Cox6b2	6
Cox6c	10835
Cox7a1	59
Cox7a2	6635
Cox7a2l	2625
Cox7b	8137
Cox7c	859
Cox8a	6238
Cox8b	0
Cox8c	0
Cpeb3	382
Cpox	3978
Cps1	72802
Cpsf1	1065
Cpt1a	4910
Cpt1b	0
Cpt1c	25
Cpt2	2931
Crat	1143
Crbn	796
Crls1	1402
Crot	16588
Cry1	1102
Cryz	1671
Cryzl2	513
Cs	5780
Csl	4
Cstad	8
Cyb5b	14334
Cyb5r3	19462
Cyb5rl	330
Cyc1	5870
Cycs	3956
Cyct	0
Cyp11a1	0
Cyp11b1	0
Cyp11b2	0
Cyp24a1	0
Cyp27a1	18051
Cyp27b1	4
D030055H07Rik	25
D17Ertd648e	0
D2hgdh	938
Dap3	1209
Dars2	431
Dbi	32261
Dbp	59
Dbt	3906
Dcakd	1236
Dcun1d3	420
Dcxr	2518
Ddx28	406
Decr1	5875
Dedd	847
Dele1	856
Dglucy	1326
Dguok	477
Dhodh	309
Dhrs1	2302
Dhrs2	0
Dhrs4	3660
Dhrs7b	690
Dhtkd1	1506
Dhx30	678
Diablo	663
Dlat	1720
Dld	3095
Dlec1	50
Dlst	4214
Dmac1	923
Dmac2	854
Dmac2l	201
Dmgdh	13576
Dmpk	583
Dna2	430
Dnah17	15
Dnai7	1
Dnaja3	2747
Dnajb7	2
Dnajc11	1489
Dnajc15	766
Dnajc19	1102
Dnajc28	274
Dnajc30	664
Dnajc4	280
Dnase1	16
Dnlz	690
Dnm1l	2059
Dolpp1	368
Dus2	297
Dut	359
E130215H24Rik	2
E130311K13Rik	227
Ears2	474
Ech1	6911
Echdc1	4357
Echdc2	8846
Echdc3	2640
Echs1	4863
Eci1	4213
Eci2	3504
Ecsit	1688
Efhd1	16
Ehhadh	6638
Eid3	0
Elac2	597
Endog	1161
Eng	1604
Entpd7	140
Ephx2	32941
Eral1	623
Eri2	210
Eri3	1091
Etfa	12753
Etfb	16009
Etfbkmt	1796
Etfdh	5596
Etfrf1	1494
Ethe1	2632
Exd2	425
Exog	122
F8	348
Fabp1	245460
Fahd1	2396
Fahd2a	627
Fam136a	1705
Fam151a	0
Fam162a	1933
Fam185a	257
Fam210a	2085
Fam210b	2035
Fanci	15
Fars2	778
Fasn	21268
Fastk	983
Fastkd1	789
Fastkd2	323
Fastkd3	156
Fastkd5	0
Fbxl4	615
Fbxo15	12
Fdps	11587
Fdx1	3164
Fdx2	12
Fdxr	882
Fech	3436
Fgf2	33
Fh1	5923
Fhit	221
Fhitos	0
Fis1	2056
Fkbp10	43
Fkbp8	7449
Flad1	1305
Flrt1	87
Fmc1	715
Foxred1	974
Fpgs	5116
Frs3	101
Fth1	45217
Ftmt	0
Fundc1	424
Fundc2	271
Fxn	670
Fxr1	1597
Gabpa	1009
Gadd45gip1	955
Galr3	0
Garem2	0
Gars1	1414
Gatb	1064
Gatc	541
Gatd3a	1704
Gatm	339
Gba1	812
Gcat	2310
Gcc1	586
Gcdh	19081
Gcfc2	216
Gcsh	3251
Gdap1	2
Gfer	1272
Gfm1	2041
Gfm2	1380
Gga3	351
Ggnbp1	660
Ghitm	8359
Gldc	5104
Glis2	80
Glod4	1526
Glrx2	783
Glrx5	1862
Gls	193
Gls2	9857
Glud1	29081
Glyat	9892
Glyctk	5413
Gm10059	98
Gm10322	4
Gm10615	71
Gm10634	0
Gm11513	0
Gm11586	100
Gm11725	0
Gm12224	0
Gm12275	7
Gm12289	0
Gm12854	22
Gm13199	8
Gm13267	4
Gm13535	0
Gm13562	18
Gm13641	0
Gm14425	0
Gm14441	0
Gm15038	4
Gm15466	0
Gm15559	6
Gm15610	214
Gm15715	0
Gm15743	0
Gm15744	0
Gm15756	101
Gm15764	5
Gm15793	0
Gm15801	0
Gm15910	0
Gm15950	0
Gm15953	0
Gm16074	0
Gm16107	0
Gm16128	0
Gm16218	0
Gm16279	8
Gm16845	51
Gm16984	18
Gm17025	29
Gm17059	0
Gm17324	0
Gm17586	85
Gm17803	0
Gm17812	0
Gm17825	0
Gm17833	0
Gm17883	0
Gm17890	0
Gm17971	0
Gm18040	0
Gm18081	0
Gm18132	0
Gm18186	0
Gm18258	0
Gm18371	0
Gm18760	0
Gm18792	0
Gm18800	0
Gm18818	0
Gm18982	0
Gm19007	0
Gm19053	0
Gm19181	0
Gm19192	0
Gm20517	542
Gm22053	0
Gm22200	0
Gm22422	0
Gm22881	0
Gm22935	0
Gm23126	0
Gm23182	0
Gm23264	0
Gm23547	0
Gm23608	0
Gm23613	0
Gm23803	0
Gm23946	0
Gm24041	0
Gm24119	0
Gm2420	17
Gm24313	0
Gm24355	0
Gm24607	0
Gm24727	0
Gm24873	0
Gm25020	0
Gm25134	0
Gm25464	0
Gm25497	0
Gm25515	0
Gm25862	0
Gm26109	0
Gm26397	0
Gm26854	1
Gm27222	0
Gm27934	0
Gm28209	0
Gm28530	0
Gm29050	0
Gm30001	0
Gm30205	0
Gm30322	4
Gm30708	0
Gm30967	34
Gm30970	4
Gm31005	0
Gm31074	0
Gm31356	0
Gm3145	0
Gm31490	0
Gm32006	757
Gm32057	0
Gm32211	0
Gm32906	1
Gm33047	0
Gm33315	15
Gm33376	0
Gm33444	14
Gm34620	2
Gm34632	13
Gm35206	0
Gm35449	4
Gm36318	9
Gm36439	3
Gm3699	2
Gm37053	0
Gm38424	40
Gm38431	859
Gm38560	25
Gm38561	311
Gm38621	0
Gm38666	0
Gm38667	0
Gm38834	0
Gm38969	5
Gm39079	754
Gm39503	2
Gm39547	0
Gm40151	0
Gm40412	0
Gm40462	2
Gm40591	0
Gm40631	0
Gm40671	0
Gm40826	0
Gm40912	0
Gm41176	0
Gm41235	0
Gm41347	0
Gm41525	0
Gm41526	0
Gm41911	0
Gm42378	5
Gm4274	0
Gm44502	1984
Gm45607	0
Gm45933	0
Gm4596	28
Gm45986	0
Gm46124	0
Gm46126	0
Gm46137	0
Gm46172	0
Gm46218	102
Gm46270	0
Gm4632	13
Gm46348	0
Gm46363	21
Gm46374	0
Gm46487	0
Gm46495	0
Gm46604	126
Gm46809	0
Gm46848	0
Gm46966	0
Gm47112	14
Gm4952	1640
Gm4984	0
Gm5089	3
Gm51445	2
Gm51452	4
Gm51534	53
Gm51685	9
Gm51750	0
Gm51751	0
Gm51866	0
Gm51935	13
Gm51974	1
Gm52042	2
Gm52057	0
Gm52108	0
Gm52129	0
Gm52130	0
Gm52131	0
Gm52132	0
Gm52185	21
Gm52231	0
Gm52343	0
Gm52532	0
Gm52594	0
Gm52600	0
Gm52601	0
Gm52629	0
Gm52664	0
Gm52724	10
Gm52783	6
Gm52819	0
Gm52910	0
Gm53062	8
Gm53200	0
Gm53208	0
Gm53257	0
Gm53279	0
Gm53356	5
Gm53380	0
Gm53381	0
Gm53469	0
Gm53493	0
Gm53507	0
Gm53644	0
Gm53767	56
Gm53848	5
Gm53862	0
Gm53947	10
Gm54080	176
Gm54100	0
Gm54113	0
Gm54125	0
Gm54219	0
Gm54255	0
Gm54291	27
Gm5687	0
Gm57660	2
Gm57782	70
Gm57786	7
Gm57805	0
Gm6050	0
Gm6161	0
Gm6238	0
Gm6333	0
Gm6374	0
Gm6566	0
Gm6997	105
Gm7399	0
Gm7890	0
Gm8482	0
Gm867	2
Gml2	0
Gnb4	64
Golph3	3395
Got2	13047
Gpam	7377
Gpat2	98
Gpd2	692
Gpr137	1006
Gpsm1	73
Gpt2	9356
Gpx1	35349
Gpx4	1188
Grhpr	4891
Grpel1	3332
Grpel2	1020
Grsf1	3317
Gsr	2715
Gstk1	3722
Gstz1	22796
Gtf3a	439
Gtpbp10	712
Gtpbp3	275
Gtpbp6	358
Guf1	459
Guk1	887
Gykl1	0
Hadh	6197
Hadha	5683
Hadhb	1675
Hagh	10442
Hao2	5
Hars2	903
Haus1	198
Hccs	381
Hdhd3	1413
Hdhd5	732
Hebp1	9042
Hemk1	525
Hexb	316
Hibadh	16517
Hibch	2326
Higd1a	1358
Higd2a	1696
Hint1	5966
Hint2	2542
Hint3	2009
Hmgb3-ps	0
Hmgcl	4568
Hmgcs2	53230
Hnrnpu	8792
Hoga1	4333
Hpdl	3
Hscb	118
Hsd17b10	5765
Hsd17b4	13219
Hsd17b8	2884
Hsdl1	262
Hsdl2	2285
Hspa9	11441
Hspd1	9622
Hspe1	5867
Htatip2	1110
Htra2	409
Iars2	1264
Iba57	215
Ide	2919
Idh2	2121
Idh3a	1469
Idh3b	4318
Idh3g	1619
Idi1	7438
Ifi27	2608
Ifi27l2a	165
Il18	660
Immp1l	859
Immp2l	1752
Immt	2408
Ino80dos	285
Inpp5e	421
Ints11	471
Isca1	971
Isca2	919
Iscu	3013
Isoc2a	3929
Itgad	3
Ivd	6446
Kars1	1546
Kat14	521
Khnyn	1445
Kmo	9385
Kyat3	3613
L2hgdh	1445
LOC100862337	0
LOC118567727	0
Lactb	1495
Lactb2	17683
Lap3	11671
Lars2	24271
Ldhal6b	0
Ldhb	46
Ldhd	5146
Ldlrad4	263
Letm1	2662
Letm2	121
Letmd1	1038
Lias	1016
Lig3	670
Lipt1	304
Lipt2	109
Lonp1	2940
Loxl3	82
Lrfn4	2
Lrig1	588
Lrpprc	3055
Lrrc14b	34
Lrrc24	6
Lrrc4	0
Lrrn3	43
Lxn	29
Lypla1	8116
Lyplal1	477
Lyrm1	87
Lyrm2	408
Lyrm4	360
Lyrm7	101
Lyrm9	181
Macrod1	1012
Macroh2a2	29
Maip1	676
Malsu1	617
Maneal	0
Maoa	323
Maob	5855
Map3k15	37
Mapk8ip3	1523
Marchf5	2638
Mars2	78
Mavs	1781
Mcat	631
Mccc1	1791
Mccc1os	1
Mccc2	2199
Mcee	2511
Mcl1	3042
Mcm3ap	736
Mcrip2	1214
Mcu	798
Mcub	2
Mcur1	1686
Mdh2	5482
Me2	71
Me3	8
Mecr	963
Metap1d	2381
Mettl15	119
Mettl17	490
Mettl25b	544
Mettl4	499
Mettl5	706
Mettl8	382
Mff	819
Mfn1	1603
Mfn2	2438
Mfsd3	200
Mgarp	0
Mgme1	201
Mgst1	182054
Mgst3	418
Micos10	3253
Micos13	1518
Micu1	706
Micu2	1190
Micu3	151
Mief1	969
Mief2	823
Miga1	41
Miga2	1575
Milr1	19
Mipep	659
Mir103-2	0
Mir12193	0
Mir1258	0
Mir135a-1	0
Mir139	0
Mir147	0
Mir194-1	0
Mir1960	0
Mir1981	0
Mir215	0
Mir3068	0
Mir3100	0
Mir324	0
Mir3473f	0
Mir3620	0
Mir5100	0
Mir5619	0
Mir6397	0
Mir6400	0
Mir6481	0
Mir677	0
Mir6900	0
Mir6918	0
Mir6930	0
Mir6931	0
Mir6933	0
Mir6984	0
Mir7019	0
Mir7020	0
Mir7051	0
Mir7093	0
Mir7116	0
Mir7219	0
Mir761	0
Mir7647	0
Mir7672	0
Mir8093	0
Mitd1	398
Mix23	1810
Mlycd	2463
Mmaa	1133
Mmab	1384
Mmadhc	1937
Mmut	4101
Mnd1-ps	9
Mocs1	2810
Mpc1	4572
Mpc2	5919
Mpst	3857
Mpv17	944
Mpv17l	1543
Mpv17l2	389
Mrm1	166
Mrm2	193
Mrm3	326
Mrpl1	1162
Mrpl10	1749
Mrpl11	1097
Mrpl12	2531
Mrpl13	1279
Mrpl14	1560
Mrpl15	1761
Mrpl16	1285
Mrpl17	1528
Mrpl18	2445
Mrpl19	571
Mrpl2	1460
Mrpl20	1397
Mrpl21	810
Mrpl22	917
Mrpl23	519
Mrpl24	2872
Mrpl27	1424
Mrpl28	981
Mrpl3	418
Mrpl30	2024
Mrpl32	663
Mrpl33	0
Mrpl34	742
Mrpl35	939
Mrpl36	1000
Mrpl37	1056
Mrpl38	2155
Mrpl39	1554
Mrpl4	1325
Mrpl40	632
Mrpl41	550
Mrpl42	1901
Mrpl43	728
Mrpl44	528
Mrpl45	811
Mrpl46	468
Mrpl47	472
Mrpl48	762
Mrpl49	1187
Mrpl50	1759
Mrpl51	2073
Mrpl52	699
Mrpl53	778
Mrpl54	707
Mrpl55	538
Mrpl57	777
Mrpl58	908
Mrpl9	783
Mrps10	1355
Mrps11	495
Mrps12	451
Mrps14	1373
Mrps15	1124
Mrps16	852
Mrps17	1454
Mrps18a	628
Mrps18b	1362
Mrps18c	788
Mrps2	1466
Mrps21	1880
Mrps22	804
Mrps23	542
Mrps24	1252
Mrps25	604
Mrps26	553
Mrps27	924
Mrps28	662
Mrps30	802
Mrps31	1086
Mrps33	1832
Mrps34	1568
Mrps35	1001
Mrps36	190
Mrps5	1056
Mrps6	408
Mrps7	2697
Mrps9	747
Mrrf	685
Mrs2	831
Msra	5772
Msrb2	448
Msrb3	472
Mtarc1	15602
Mtarc2	14291
Mtch1	1363
Mtch2	5742
Mterf1a	114
Mterf1b	120
Mterf2	54
Mterf3	861
Mterf4	516
Mtfmt	329
Mtfp1	807
Mtfr1	2260
Mtfr1l	1871
Mtfr2	16
Mtg1	362
Mtg2	492
Mthfd1l	20
Mthfd2	162
Mthfd2l	155
Mthfs	443
Mthfsl	780
Mtif2	1305
Mtif3	755
Mto1	530
Mtpap	597
Mtres1	947
Mtrf1	739
Mtrf1l	239
Mtrfr	254
Mtx1	792
Mtx2	1909
Mtx3	316
Mul1	1060
Mutyh	14
Mxd3	1
Myg1	776
Myo19	296
Nadk2	5326
Nags	1815
Naif1	133
Nars2	872
Nat8l	3
Naxd	1426
Naxe	2146
Nbr1	4814
Ncaph2	964
Ncor1	1881
Ndufa1	3451
Ndufa10	6295
Ndufa11	1676
Ndufa12	1623
Ndufa13	5830
Ndufa2	2161
Ndufa3	4919
Ndufa4	10029
Ndufa4l2	41
Ndufa5	2284
Ndufa6	6315
Ndufa7	3344
Ndufa8	4329
Ndufa9	5054
Ndufab1	1587
Ndufaf1	1293
Ndufaf2	587
Ndufaf3	369
Ndufaf4	1796
Ndufaf5	176
Ndufaf6	517
Ndufaf7	451
Ndufaf8	207
Ndufb10	5728
Ndufb11	4213
Ndufb2	1790
Ndufb3	3067
Ndufb4	532
Ndufb5	3651
Ndufb6	2971
Ndufb7	2533
Ndufb8	5422
Ndufb9	7192
Ndufc1	1632
Ndufc2	2742
Ndufs1	2639
Ndufs2	6239
Ndufs3	5151
Ndufs4	3340
Ndufs5	916
Ndufs6	3124
Ndufs7	2826
Ndufs8	3514
Ndufv1	5007
Ndufv2	5174
Ndufv3	4673
Neu4	0
Nfs1	1493
Nfu1	978
Ngly1	1373
Ngrn	547
Nif3l1	449
Nipsnap1	9038
Nipsnap2	390
Nipsnap3a	0
Nipsnap3b	2337
Nit1	2241
Nit2	6600
Nkapd1	304
Nln	733
Nlrx1	267
Nme3	536
Nme4	62
Nme6	501
Nmnat3	205
Nnt	3278
Noa1	455
Noct	908
Nop56	1044
Nr1i3	3386
Nr2c2	709
Nrdc	2331
Nrp	0
Nsun2	2071
Nsun3	392
Nsun4	710
Nt5c3b	101
Nt5dc2	106
Nt5dc3	444
Nt5m	481
Nthl1	187
Nubpl	144
Nudt1	633
Nudt13	539
Nudt19	1401
Nudt2	477
Nudt5	788
Nudt6	334
Nudt8	519
Nudt9	1343
Oat	20377
Ociad1	3415
Ociad2	1460
Ogdh	4927
Ogdhl	1
Ogg1	93
Oma1	552
Opa1	2247
Opa3	244
Osbpl1a	3145
Osbpl9	4447
Osgepl1	417
Otc	25200
Oxa1l	1261
Oxct1	189
Oxct1as	0
Oxct2a	0
Oxld1	285
Oxnad1	584
Oxr1	1577
Oxsm	1178
Pabpc5	0
Paics	4848
Pam16	263
Pank2	833
Paox	802
Park7	6836
Parl	858
Pars2	87
Pax9	0
Pcbd2	511
Pcca	2181
Pccb	3882
Pcdha4b	0
Pck2	93
Pcp2	0
Pcx	7252
Pde12	499
Pde2a	570
Pdf	1137
Pdha1	3597
Pdha2	0
Pdhb	3717
Pdhx	716
Pdilt	1150
Pdk1	2145
Pdk2	2581
Pdk3	22
Pdk4	857
Pdp1	66
Pdp2	907
Pdpr	530
Pdss1	147
Pdss2	450
Pdzd7	5
Pdzd9	52
Pet100	726
Pet117	0
Pex11b	786
Pfdn2	1884
Pfdn4	302
Pfkp	79
Pgam5	771
Pgs1	475
Phax	765
Phb1	1414
Phb2	5981
Phyh	82971
Pi4ka	863
Pick1	443
Pif1	0
Pigw	124
Pink1	4164
Pisd	425
Pitrm1	664
Plcxd1	13
Pld6	20
Plgrkt	243
Plpbp	2041
Plscr3	237
Pmaip1	14
Pmm2	1948
Pmpca	2094
Pmpcb	2698
Pnkd	5334
Pnpla8	3069
Pnpo	6003
Pnpt1	1098
Polb	897
Poldip2	2172
Polg	875
Polg2	367
Polq	14
Polr3h	222
Polrmt	531
Pomt2	433
Ppa2	1788
Ppat	588
Ppid	1663
Ppif	1162
Ppifos	7
Ppm1k	2221
Ppox	901
Ppp2r3c	366
Pptc7	391
Prdx2	4273
Prdx3	3794
Prdx4	3579
Prdx5	12503
Prdx6	16466
Prelid1	3400
Prelid2	5
Prelid3a	0
Prelid3b	1136
Prepl	678
Primpol	358
Prkaca	2234
Prkn	210
Prodh	4229
Prodh2	8244
Prorp	373
Prss35	0
Prxl2a	3280
Pspn	0
Ptcd1	358
Ptcd2	647
Ptcd3	813
Ptdss1	1333
Ptges2	305
Ptgr3	1844
Ptpmt1	1877
Ptrh1	23
Ptrh2	747
Pus1	371
Pusl1	200
Pxmp2	4154
Pxmp4	6004
Pycr1	5
Pycr2	132
Pyurf	1547
Qdpr	20794
Qrsl1	221
Qtrt1	96
Rab24	1392
Rab3gap2	484
Rab5if	1602
Rad23a	994
Rad9b	156
Ranbp3l	24
Rangrf	52
Rars2	391
Rbfa	776
Rbfaos	21
Rbm10	1051
Rbm18	520
Rcc1l	539
Rdh13	266
Rdh14	851
Rdh5	554
Recql4	92
Rexo2	2740
Rffl	862
Rfk	1349
Rhot1	1283
Rhot2	1686
Ric8a	581
Rida	36780
Rmdn1	1127
Rmdn3	2036
Rmnd1	810
Rnaseh1	255
Rnf113a1	37
Rnf146	656
Rnf24	396
Romo1	2093
Rpain	705
Rpia	279
Rpl10-ps6	0
Rpl18	3894
Rpl31-ps20	0
Rps19-ps11	0
Rpusd3	352
Rpusd4	200
Rsad1	394
Rsph9	55
Rtn4ip1	722
S2bpcox16	28
Samm50	2661
Sardh	17173
Sars2	259
Scaf4	1365
Sco1	434
Sco2	4
Scp2	167019
Sdha	9186
Sdhaf1	524
Sdhaf2	856
Sdhaf3	367
Sdhaf4	749
Sdhb	6028
Sdhc	6592
Sdhd	4509
Sdr39u1	305
Sdsl	327
Selenoo	1693
Septin4	571
Serac1	193
Sfxn1	2574
Sfxn2	1594
Sfxn3	77
Sfxn4	19
Sfxn5	867
Shmt2	6016
Sirt3	2655
Sirt4	538
Sirt5	561
Ska3	2
Slc25a1	7125
Slc25a10	3743
Slc25a11	1559
Slc25a12	281
Slc25a13	4661
Slc25a14	72
Slc25a15	7738
Slc25a16	2899
Slc25a18	1
Slc25a19	483
Slc25a2	18
Slc25a20	3095
Slc25a21	728
Slc25a22	3415
Slc25a23	8043
Slc25a24	41
Slc25a25	5899
Slc25a26	219
Slc25a27	130
Slc25a28	561
Slc25a29	80
Slc25a3	9724
Slc25a30	559
Slc25a31	7
Slc25a32	496
Slc25a33	591
Slc25a34	98
Slc25a35	39
Slc25a36	155
Slc25a37	2358
Slc25a38	592
Slc25a39	8607
Slc25a4	197
Slc25a40	97
Slc25a41	0
Slc25a42	2503
Slc25a43	0
Slc25a44	2030
Slc25a45	1372
Slc25a46	1135
Slc25a47	5946
Slc25a48	89
Slc25a5	11187
Slc25a51	2282
Slc25a53	47
Slc25a54	0
Slc30a9	1973
Slc3a1	1734
Slc5a3	0
Slc7a7	204
Slc8b1	1118
Slirp	1123
Smdt1	2599
Smim20	893
Smim26	474
Smim8	272
Snap29	755
Snd1	3193
Sned1	1099
Snora5c	0
Snord138	0
Snord59a	0
Snord94	0
Snw1	631
Sod1	38096
Sod2	6687
Spata19	0
Spata20	0
Spg7	1051
Sphk2	1267
Sphkap	0
Spire1	18
Spout1	365
Spr	1601
Sprn	33
Spryd4	850
Sptlc2	666
Sqor	3449
Ssb	2346
Ssbp1	1260
Stab1	1111
Star	48
Stard7	4040
Stom	1945
Stoml2	1347
Strc	0
Stx17	733
Styxl1	24
Sucla2	3279
Suclg1	5579
Suclg2	7785
Sugct	1371
Suox	2745
Supv3l1	500
Surf1	1187
Surf2	469
Syce2	73
Sycp3	6
Synj2	171
Synj2bp	0
Syvn1	3770
Taco1	181
Tada2b	779
Taf5	111
Tafazzin	1575
Tamm41	126
Tarbp1	180
Tars2	830
Tbrg4	941
Tcaim	872
Tdgf1-ps2	0
Tdrkh	133
Tefm	366
Tfam	1187
Tfb1m	292
Tfb2m	568
Tha1	168
Them4	895
Them5	7
Them7	693
Thg1l	124
Thnsl1	139
Tiam2	454
Timm10	456
Timm10b	781
Timm13	1177
Timm17a	696
Timm17b	919
Timm21	694
Timm22	442
Timm23	825
Timm29	970
Timm44	1088
Timm50	777
Timm8a1	367
Timm8a2	0
Timm8b	1480
Timm9	1224
Timmdc1	1080
Tk2	580
Tmbim1	1548
Tmco6	152
Tmed10-ps	0
Tmed8	286
Tmem11	659
Tmem126a	1243
Tmem126b	311
Tmem143	406
Tmem14c	3811
Tmem177	279
Tmem186	444
Tmem205	11558
Tmem242	1202
Tmem65	242
Tmem70	1493
Tmlhe	346
Tmprss9	5
Tnk1	1
Tom1l1	536
Tomm20	942
Tomm20l	0
Tomm22	1810
Tomm34	439
Tomm40	1195
Tomm40l	620
Tomm5	556
Tomm6	2828
Tomm6os	0
Tomm7	2016
Tomm70a	3267
Top1mt	706
Top3a	277
Trap1	4070
Triap1	353
Trit1	531
Trmt1	813
Trmt10c	477
Trmt2b	673
Trmt5	374
Trmu	289
Trnt1	399
Trub2	349
Tsfm	552
Tspo	1559
Tssk6	6
Tst	8558
Tstd1	464
Tstd3	1132
Ttc19	329
Tubgcp6	259
Tufm	2418
Twnk	818
Txn2	5014
Txnrd1	3939
Txnrd2	1009
Tymp	3999
Tyw3	87
Tyw5	404
Ubox5	201
Ucp1	0
Ucp2	670
Ucp3	0
Ung	99
Uqcc1	1084
Uqcc2	961
Uqcc3	786
Uqcc4	787
Uqcr10	3411
Uqcr11	5055
Uqcrb	6170
Uqcrc1	7028
Uqcrc2	7026
Uqcrfs1	9118
Uqcrh	7090
Uqcrq	9902
Usp30	330
Usp45	642
Usp49	0
Vars2	450
Vcp-rs	0
Vdac1	5262
Vdac2	3163
Vdac3	2598
Vps13d	2560
Vti1b	1111
Vwa8	4010
Wars2	174
Wdfy1	1133
Wdr77	888
Wdr90	229
Xpnpep3	813
Yars2	466
Ybey	99
Yipf2	735
Yme1l1	3091
Yrdc	524
Zcchc18	0
Zf12	0
Zfp575	0
Znhit3	238
__no_feature	42106572
__ambiguous	18105
__too_low_aQual	3264729
__not_aligned	4870003
__alignment_not_unique	0
