0610005C13Rik	6685
1700018A23Rik	30
1700018L02Rik	116
1700066M21Rik	720
1700086O06Rik	81
1700108J01Rik	0
2010103J01Rik	0
2300009A05Rik	320
2310061I04Rik	555
2610028H24Rik	0
2610203C22Rik	52
3110009E18Rik	61
3200001D21Rik	4
4930451E10Rik	0
4930473H19Rik	0
4930500F10Rik	0
4930506C21Rik	16
4930507D05Rik	0
4930556N13Rik	0
4932702P03Rik	7
4933411K16Rik	0
5730409K12Rik	0
6230400D17Rik	7
6430562O15Rik	0
9330162012Rik	89
9430091E24Rik	105
9630013K17Rik	0
9630015K15Rik	52
A230108P19Rik	18
A430057M04Rik	5
A930013F10Rik	0
AA467197	13
AW495222	20
Aadat	2258
Aamp	4584
Aars2	433
Aass	13472
Abat	7791
Abca9	203
Abcb10	661
Abcb6	1470
Abcb7	1667
Abcb8	866
Abcd1	551
Abcd2	2878
Abcd3	10882
Abhd10	367
Abhd11	1429
Abhd11os	15
Abi1	2780
Acaa1a	4993
Acaa1b	18249
Acaa2	23663
Acaca	3404
Acacb	4482
Acad10	1011
Acad11	5986
Acad12	204
Acad8	2635
Acad9	1320
Acadl	6803
Acadm	9495
Acads	2746
Acadsb	4823
Acadvl	9100
Acat1	12745
Ackr4	36
Acly	10456
Aco2	3852
Acod1	63
Acot10	4
Acot11	133
Acot13	2099
Acot2	184
Acot7	696
Acot9	128
Acoxl	5
Acp6	1354
Acsf2	1997
Acsf3	897
Acsl1	26065
Acsl6	0
Acsm1	10559
Acsm2	8
Acsm3	2749
Acsm4	0
Acsm5	3408
Acss1	45
Acss3	2075
Adck1	484
Adck2	453
Adck5	1054
Adcy10	25
Adhfe1	4583
Afg1l	447
Afg3l1	1489
Afg3l2	2232
Agk	220
Agmat	7520
Agpat4	43
Agpat5	540
Agxt	21852
Agxt2	11313
Ahcyl1	3634
Aifm1	2812
Aifm2	793
Aifm3	167
Ak2	6250
Ak3	12418
Ak4	948
Akap1	4026
Akap10	560
Akr1b10	164
Akr1b7	252
Akr7a5	3409
Alas1	2217
Alas2	434
Aldh18a1	107
Aldh1a7	6322
Aldh1b1	5362
Aldh1l1	53463
Aldh1l2	3
Aldh2	44149
Aldh3a2	4921
Aldh4a1	14548
Aldh5a1	1700
Aldh6a1	13829
Aldh7a1	11808
Aldh9a1	8474
Alkbh1	335
Alkbh2	243
Alkbh7	432
Amacr	3715
Amt	2362
Angel2	1007
Ankrd12	279
Ankrd42	54
Antkmt	1181
Apex1	924
Apex2	440
Apoa2	181690
Apoo	846
Apool	1044
Arf5	2247
Arg2	1
Arhgap44	34
Arl2	196
Armc10	364
Armcx1	96
Armcx2	131
Armcx3	364
Armcx6	27
Arvcf	651
Atad1	1890
Atad3a	2304
Atp23	192
Atp5f1a	24240
Atp5f1b	30022
Atp5f1c	8795
Atp5f1d	8135
Atp5f1e	6057
Atp5if1	913
Atp5mc1	3241
Atp5mc2	229
Atp5mc3	17570
Atp5me	2620
Atp5mf	7900
Atp5mg	675
Atp5mj	4689
Atp5mk	1783
Atp5pb	14393
Atp5pd	5443
Atp5pf	9628
Atp5po	5873
Atpaf1	133
Atpaf2	705
Atpsckmt	934
Auh	1475
Aup1	4363
Aurkaip1	1959
Azi2	2028
B3gnt4	0
BC048644	55
Bad	346
Bak1	424
Bax	653
Bbc3	962
Bbof1	357
Bcap31	5255
Bcat2	2868
Bckdha	5351
Bckdhb	4859
Bckdk	279
Bcl2	189
Bcl2a1d	66
Bcl2l1	1812
Bcl2l10	0
Bcl2l11	231
Bcl2l13	789
Bcl2l2	566
Bco2	1541
Bcs1l	452
Bdh1	4791
Bid	770
Bik	356
Bloc1s1	1878
Bmp8a	0
Bnip3	5851
Bnip3l	1764
Bok	352
Bola1	422
Bola3	1511
Bphl	6575
Bud23	840
Bud31	1507
C030006K11Rik	101
C1qbp	3051
C330018D20Rik	455
C430014B12Rik	115
Cacna1d	279
Camk1	486
Car5a	1996
Car5b	95
Cars2	651
Casp3	1053
Casp8	1125
Casp9	828
Cat	72671
Cbr2	2
Cbr3	20
Cbr4	743
Ccdc127	831
Ccdc142	121
Ccdc159	216
Ccdc51	209
Ccdc78	0
Ccdc90b	293
Ccnc	672
Cd63-ps	0
Cdc123	1539
Cdc37l1	1621
Cdc42bpa	838
Cdh12	24
Cdk5	756
Cdk5rap1	494
Cebpz	1254
Cebpzos	681
Cela2a	37
Cenpq	206
Cenpu	22
Cep89	316
Cfap157	0
Chad	5
Chchd1	779
Chchd10	8906
Chchd2	9504
Chchd3	3618
Chchd4	327
Chchd5	408
Chchd6	90
Chchd7	708
Chdh	4158
Chpt1	2818
Ciapin1	472
Cisd1	7047
Cisd3	1735
Ckmt1	4
Ckmt2	0
Cldn20	1
Cldnd2	41
Clpb	777
Clpp	1443
Clpx	13291
Clybl	1367
Cmc1	911
Cmc2	303
Cmpk2	418
Coa3	1371
Coa4	228
Coa5	2189
Coa6	466
Coa7	403
Coa8	550
Coasy	3141
Comt	15164
Comtd1	98
Cops3	1234
Coq10a	1074
Coq10b	469
Coq2	1432
Coq3	674
Coq4	259
Coq5	905
Coq6	367
Coq7	786
Coq8a	20959
Coq8b	804
Coq9	2303
Cox10	328
Cox11	436
Cox14	710
Cox15	528
Cox16	0
Cox17	1785
Cox18	203
Cox19	918
Cox20	1795
Cox20b	0
Cox4i1	18370
Cox4i2	10
Cox5a	7076
Cox5b	3972
Cox6a1	8570
Cox6a2	3
Cox6b1	10099
Cox6b2	5
Cox6c	9824
Cox7a1	112
Cox7a2	6837
Cox7a2l	3004
Cox7b	7784
Cox7c	776
Cox8a	6065
Cox8b	0
Cox8c	0
Cpeb3	539
Cpox	2433
Cps1	115985
Cpsf1	1272
Cpt1a	7952
Cpt1b	0
Cpt1c	29
Cpt2	2681
Crat	1426
Crbn	883
Crls1	2069
Crot	23701
Cry1	924
Cryz	2186
Cryzl2	823
Cs	3694
Csl	0
Cstad	0
Cyb5b	9912
Cyb5r3	14612
Cyb5rl	278
Cyc1	4875
Cycs	2664
Cyct	0
Cyp11a1	3
Cyp11b1	0
Cyp11b2	1
Cyp24a1	0
Cyp27a1	22674
Cyp27b1	4
D030055H07Rik	36
D17Ertd648e	0
D2hgdh	996
Dap3	1917
Dars2	350
Dbi	32464
Dbp	41
Dbt	5029
Dcakd	1275
Dcun1d3	285
Dcxr	3388
Ddx28	359
Decr1	4612
Dedd	1058
Dele1	1136
Dglucy	1287
Dguok	605
Dhodh	381
Dhrs1	1889
Dhrs2	0
Dhrs4	2947
Dhrs7b	713
Dhtkd1	3065
Dhx30	739
Diablo	755
Dlat	1978
Dld	3469
Dlec1	88
Dlst	4216
Dmac1	960
Dmac2	1620
Dmac2l	281
Dmgdh	13557
Dmpk	2091
Dna2	415
Dnah17	4
Dnai7	8
Dnaja3	2121
Dnajb7	10
Dnajc11	1300
Dnajc15	783
Dnajc19	1216
Dnajc28	346
Dnajc30	670
Dnajc4	259
Dnase1	0
Dnlz	534
Dnm1l	2267
Dolpp1	383
Dus2	331
Dut	325
E130215H24Rik	0
E130311K13Rik	307
Ears2	531
Ech1	4697
Echdc1	3706
Echdc2	9802
Echdc3	5853
Echs1	8117
Eci1	2891
Eci2	4737
Ecsit	1115
Efhd1	13
Ehhadh	10933
Eid3	0
Elac2	648
Endog	1114
Eng	1723
Entpd7	98
Ephx2	14725
Eral1	683
Eri2	364
Eri3	1520
Etfa	13187
Etfb	15283
Etfbkmt	970
Etfdh	5163
Etfrf1	2198
Ethe1	2702
Exd2	616
Exog	115
F8	467
Fabp1	94806
Fahd1	2630
Fahd2a	664
Fam136a	2079
Fam151a	5
Fam162a	1732
Fam185a	313
Fam210a	2011
Fam210b	2178
Fanci	25
Fars2	1049
Fasn	11386
Fastk	1153
Fastkd1	607
Fastkd2	473
Fastkd3	260
Fastkd5	0
Fbxl4	829
Fbxo15	4
Fdps	8920
Fdx1	3731
Fdx2	3
Fdxr	1210
Fech	4391
Fgf2	48
Fh1	5100
Fhit	794
Fhitos	0
Fis1	2301
Fkbp10	36
Fkbp8	8427
Flad1	1085
Flrt1	98
Fmc1	667
Foxred1	776
Fpgs	5403
Frs3	126
Fth1	45301
Ftmt	0
Fundc1	520
Fundc2	388
Fxn	656
Fxr1	1965
Gabpa	1224
Gadd45gip1	749
Galr3	0
Garem2	0
Gars1	1417
Gatb	1343
Gatc	413
Gatd3a	2649
Gatm	382
Gba1	997
Gcat	3906
Gcc1	580
Gcdh	19609
Gcfc2	314
Gcsh	3864
Gdap1	0
Gfer	1147
Gfm1	1946
Gfm2	1726
Gga3	551
Ggnbp1	1149
Ghitm	7549
Gldc	6644
Glis2	111
Glod4	1537
Glrx2	742
Glrx5	1490
Gls	538
Gls2	19423
Glud1	29195
Glyat	7932
Glyctk	5298
Gm10059	88
Gm10322	2
Gm10615	20
Gm10634	1
Gm11513	0
Gm11586	249
Gm11725	4
Gm12224	0
Gm12275	10
Gm12289	0
Gm12854	28
Gm13199	9
Gm13267	6
Gm13535	0
Gm13562	30
Gm13641	4
Gm14425	0
Gm14441	0
Gm15038	0
Gm15466	0
Gm15559	6
Gm15610	163
Gm15715	0
Gm15743	0
Gm15744	0
Gm15756	193
Gm15764	6
Gm15793	0
Gm15801	0
Gm15910	0
Gm15950	0
Gm15953	0
Gm16074	0
Gm16107	0
Gm16128	0
Gm16218	0
Gm16279	9
Gm16845	64
Gm16984	69
Gm17025	32
Gm17059	0
Gm17324	2
Gm17586	151
Gm17803	0
Gm17812	0
Gm17825	0
Gm17833	0
Gm17883	0
Gm17890	0
Gm17971	0
Gm18040	0
Gm18081	0
Gm18132	0
Gm18186	0
Gm18258	0
Gm18371	0
Gm18760	0
Gm18792	0
Gm18800	3
Gm18818	0
Gm18982	0
Gm19007	0
Gm19053	0
Gm19181	0
Gm19192	0
Gm20517	650
Gm22053	0
Gm22200	0
Gm22422	0
Gm22881	0
Gm22935	0
Gm23126	0
Gm23182	0
Gm23264	0
Gm23547	0
Gm23608	0
Gm23613	0
Gm23803	0
Gm23946	0
Gm24041	0
Gm24119	0
Gm2420	8
Gm24313	0
Gm24355	0
Gm24607	0
Gm24727	0
Gm24873	0
Gm25020	0
Gm25134	0
Gm25464	0
Gm25497	0
Gm25515	0
Gm25862	0
Gm26109	0
Gm26397	0
Gm26854	0
Gm27222	0
Gm27934	0
Gm28209	9
Gm28530	0
Gm29050	0
Gm30001	38
Gm30205	5
Gm30322	3
Gm30708	0
Gm30967	18
Gm30970	18
Gm31005	3
Gm31074	0
Gm31356	0
Gm3145	0
Gm31490	0
Gm32006	1111
Gm32057	10
Gm32211	0
Gm32906	0
Gm33047	0
Gm33315	21
Gm33376	0
Gm33444	16
Gm34620	3
Gm34632	19
Gm35206	4
Gm35449	0
Gm36318	11
Gm36439	23
Gm3699	0
Gm37053	0
Gm38424	83
Gm38431	711
Gm38560	36
Gm38561	296
Gm38621	0
Gm38666	0
Gm38667	0
Gm38834	0
Gm38969	8
Gm39079	483
Gm39503	0
Gm39547	0
Gm40151	0
Gm40412	0
Gm40462	3
Gm40591	0
Gm40631	0
Gm40671	0
Gm40826	0
Gm40912	0
Gm41176	0
Gm41235	0
Gm41347	0
Gm41525	0
Gm41526	0
Gm41911	0
Gm42378	3
Gm4274	3
Gm44502	3979
Gm45607	0
Gm45933	0
Gm4596	43
Gm45986	0
Gm46124	0
Gm46126	0
Gm46137	0
Gm46172	0
Gm46218	207
Gm46270	3
Gm4632	3
Gm46348	7
Gm46363	38
Gm46374	0
Gm46487	0
Gm46495	0
Gm46604	192
Gm46809	0
Gm46848	0
Gm46966	0
Gm47112	3
Gm4952	2514
Gm4984	0
Gm5089	3
Gm51445	0
Gm51452	0
Gm51534	57
Gm51685	26
Gm51750	0
Gm51751	0
Gm51866	0
Gm51935	12
Gm51974	2
Gm52042	2
Gm52057	0
Gm52108	4
Gm52129	0
Gm52130	0
Gm52131	0
Gm52132	0
Gm52185	51
Gm52231	0
Gm52343	0
Gm52532	0
Gm52594	0
Gm52600	0
Gm52601	0
Gm52629	0
Gm52664	0
Gm52724	6
Gm52783	20
Gm52819	0
Gm52910	0
Gm53062	4
Gm53200	0
Gm53208	0
Gm53257	0
Gm53279	0
Gm53356	0
Gm53380	4
Gm53381	0
Gm53469	4
Gm53493	0
Gm53507	0
Gm53644	0
Gm53767	50
Gm53848	0
Gm53862	0
Gm53947	14
Gm54080	174
Gm54100	0
Gm54113	2
Gm54125	0
Gm54219	2
Gm54255	0
Gm54291	35
Gm5687	2
Gm57660	10
Gm57782	55
Gm57786	24
Gm57805	0
Gm6050	0
Gm6161	0
Gm6238	0
Gm6333	0
Gm6374	0
Gm6566	0
Gm6997	56
Gm7399	0
Gm7890	0
Gm8482	0
Gm867	0
Gml2	0
Gnb4	119
Golph3	2186
Got2	10710
Gpam	7504
Gpat2	175
Gpd2	475
Gpr137	789
Gpsm1	126
Gpt2	9181
Gpx1	44534
Gpx4	1325
Grhpr	5022
Grpel1	2467
Grpel2	2240
Grsf1	2630
Gsr	2403
Gstk1	4355
Gstz1	28466
Gtf3a	545
Gtpbp10	689
Gtpbp3	377
Gtpbp6	491
Guf1	755
Guk1	799
Gykl1	0
Hadh	9377
Hadha	6806
Hadhb	2579
Hagh	10645
Hao2	2205
Hars2	1219
Haus1	368
Hccs	329
Hdhd3	458
Hdhd5	812
Hebp1	10350
Hemk1	959
Hexb	1949
Hibadh	15716
Hibch	2057
Higd1a	855
Higd2a	1474
Hint1	6805
Hint2	2271
Hint3	2091
Hmgb3-ps	0
Hmgcl	4308
Hmgcs2	44391
Hnrnpu	13479
Hoga1	5346
Hpdl	2
Hscb	147
Hsd17b10	4100
Hsd17b4	7240
Hsd17b8	3088
Hsdl1	266
Hsdl2	1927
Hspa9	14814
Hspd1	14638
Hspe1	8300
Htatip2	1775
Htra2	453
Iars2	1403
Iba57	264
Ide	2012
Idh2	4029
Idh3a	690
Idh3b	4595
Idh3g	1813
Idi1	7499
Ifi27	2807
Ifi27l2a	246
Il18	943
Immp1l	1071
Immp2l	4714
Immt	2332
Ino80dos	275
Inpp5e	575
Ints11	465
Isca1	1246
Isca2	1175
Iscu	1914
Isoc2a	4020
Itgad	17
Ivd	9640
Kars1	1617
Kat14	630
Khnyn	4990
Kmo	7036
Kyat3	11570
L2hgdh	1412
LOC100862337	0
LOC118567727	0
Lactb	1004
Lactb2	11739
Lap3	9159
Lars2	170751
Ldhal6b	0
Ldhb	44
Ldhd	3199
Ldlrad4	590
Letm1	1299
Letm2	249
Letmd1	1005
Lias	918
Lig3	548
Lipt1	177
Lipt2	198
Lonp1	3092
Loxl3	137
Lrfn4	10
Lrig1	719
Lrpprc	2594
Lrrc14b	9
Lrrc24	1
Lrrc4	0
Lrrn3	40
Lxn	52
Lypla1	5904
Lyplal1	622
Lyrm1	99
Lyrm2	483
Lyrm4	445
Lyrm7	106
Lyrm9	128
Macrod1	1223
Macroh2a2	65
Maip1	551
Malsu1	688
Maneal	0
Maoa	350
Maob	9670
Map3k15	39
Mapk8ip3	2297
Marchf5	3027
Mars2	54
Mavs	2510
Mcat	602
Mccc1	2403
Mccc1os	12
Mccc2	2813
Mcee	2263
Mcl1	4483
Mcm3ap	825
Mcrip2	671
Mcu	1214
Mcub	6
Mcur1	1254
Mdh2	4609
Me2	174
Me3	13
Mecr	1107
Metap1d	3757
Mettl15	167
Mettl17	921
Mettl25b	725
Mettl4	514
Mettl5	481
Mettl8	411
Mff	896
Mfn1	2099
Mfn2	2292
Mfsd3	213
Mgarp	0
Mgme1	286
Mgst1	83344
Mgst3	1043
Micos10	2744
Micos13	1793
Micu1	733
Micu2	1365
Micu3	209
Mief1	1020
Mief2	459
Miga1	94
Miga2	842
Milr1	29
Mipep	1148
Mir103-2	0
Mir12193	0
Mir1258	0
Mir135a-1	0
Mir139	0
Mir147	0
Mir194-1	0
Mir1960	0
Mir1981	0
Mir215	0
Mir3068	0
Mir3100	0
Mir324	0
Mir3473f	0
Mir3620	0
Mir5100	0
Mir5619	0
Mir6397	0
Mir6400	0
Mir6481	0
Mir677	0
Mir6900	0
Mir6918	0
Mir6930	0
Mir6931	0
Mir6933	0
Mir6984	0
Mir7019	0
Mir7020	0
Mir7051	0
Mir7093	0
Mir7116	0
Mir7219	0
Mir761	0
Mir7647	0
Mir7672	0
Mir8093	0
Mitd1	511
Mix23	1717
Mlycd	3043
Mmaa	898
Mmab	1266
Mmadhc	1803
Mmut	4821
Mnd1-ps	31
Mocs1	2185
Mpc1	7949
Mpc2	9828
Mpst	2962
Mpv17	1060
Mpv17l	1174
Mpv17l2	373
Mrm1	132
Mrm2	165
Mrm3	198
Mrpl1	1279
Mrpl10	1536
Mrpl11	1257
Mrpl12	3286
Mrpl13	2017
Mrpl14	1588
Mrpl15	2519
Mrpl16	823
Mrpl17	1345
Mrpl18	2945
Mrpl19	343
Mrpl2	1240
Mrpl20	947
Mrpl21	781
Mrpl22	750
Mrpl23	821
Mrpl24	3214
Mrpl27	1440
Mrpl28	1234
Mrpl3	791
Mrpl30	1922
Mrpl32	730
Mrpl33	0
Mrpl34	654
Mrpl35	948
Mrpl36	868
Mrpl37	1196
Mrpl38	1446
Mrpl39	1536
Mrpl4	802
Mrpl40	725
Mrpl41	543
Mrpl42	1740
Mrpl43	769
Mrpl44	590
Mrpl45	901
Mrpl46	391
Mrpl47	433
Mrpl48	967
Mrpl49	949
Mrpl50	1758
Mrpl51	1880
Mrpl52	791
Mrpl53	745
Mrpl54	660
Mrpl55	504
Mrpl57	525
Mrpl58	1147
Mrpl9	944
Mrps10	1017
Mrps11	362
Mrps12	698
Mrps14	1242
Mrps15	1095
Mrps16	933
Mrps17	1376
Mrps18a	596
Mrps18b	930
Mrps18c	1047
Mrps2	1278
Mrps21	1385
Mrps22	565
Mrps23	556
Mrps24	1201
Mrps25	732
Mrps26	460
Mrps27	988
Mrps28	640
Mrps30	738
Mrps31	1141
Mrps33	1551
Mrps34	1051
Mrps35	993
Mrps36	170
Mrps5	1029
Mrps6	558
Mrps7	2382
Mrps9	850
Mrrf	804
Mrs2	614
Msra	5225
Msrb2	402
Msrb3	396
Mtarc1	20189
Mtarc2	18587
Mtch1	2154
Mtch2	5499
Mterf1a	141
Mterf1b	152
Mterf2	122
Mterf3	915
Mterf4	631
Mtfmt	389
Mtfp1	970
Mtfr1	2178
Mtfr1l	1485
Mtfr2	8
Mtg1	434
Mtg2	519
Mthfd1l	84
Mthfd2	57
Mthfd2l	152
Mthfs	742
Mthfsl	1422
Mtif2	1298
Mtif3	768
Mto1	603
Mtpap	863
Mtres1	820
Mtrf1	617
Mtrf1l	366
Mtrfr	279
Mtx1	994
Mtx2	1411
Mtx3	579
Mul1	1189
Mutyh	27
Mxd3	15
Myg1	756
Myo19	209
Nadk2	5977
Nags	1503
Naif1	129
Nars2	730
Nat8l	6
Naxd	1578
Naxe	2147
Nbr1	7185
Ncaph2	1379
Ncor1	2468
Ndufa1	2856
Ndufa10	5268
Ndufa11	1501
Ndufa12	1233
Ndufa13	5309
Ndufa2	2406
Ndufa3	4259
Ndufa4	10504
Ndufa4l2	75
Ndufa5	2329
Ndufa6	5713
Ndufa7	4072
Ndufa8	3095
Ndufa9	4654
Ndufab1	1766
Ndufaf1	1025
Ndufaf2	471
Ndufaf3	314
Ndufaf4	813
Ndufaf5	197
Ndufaf6	552
Ndufaf7	503
Ndufaf8	431
Ndufb10	6617
Ndufb11	4116
Ndufb2	1681
Ndufb3	2431
Ndufb4	431
Ndufb5	3742
Ndufb6	2873
Ndufb7	2733
Ndufb8	5740
Ndufb9	7259
Ndufc1	1702
Ndufc2	3545
Ndufs1	2922
Ndufs2	7441
Ndufs3	5282
Ndufs4	3546
Ndufs5	788
Ndufs6	2864
Ndufs7	2592
Ndufs8	2555
Ndufv1	4799
Ndufv2	5460
Ndufv3	3379
Neu4	0
Nfs1	1537
Nfu1	1125
Ngly1	1536
Ngrn	738
Nif3l1	449
Nipsnap1	10303
Nipsnap2	557
Nipsnap3a	0
Nipsnap3b	2113
Nit1	3543
Nit2	6452
Nkapd1	394
Nln	755
Nlrx1	309
Nme3	617
Nme4	53
Nme6	597
Nmnat3	394
Nnt	3971
Noa1	273
Noct	1496
Nop56	590
Nr1i3	6937
Nr2c2	905
Nrdc	2662
Nrp	0
Nsun2	1923
Nsun3	315
Nsun4	777
Nt5c3b	135
Nt5dc2	50
Nt5dc3	727
Nt5m	392
Nthl1	183
Nubpl	290
Nudt1	530
Nudt13	821
Nudt19	1958
Nudt2	426
Nudt5	652
Nudt6	417
Nudt8	451
Nudt9	1294
Oat	25304
Ociad1	3548
Ociad2	518
Ogdh	5178
Ogdhl	5
Ogg1	149
Oma1	604
Opa1	2140
Opa3	193
Osbpl1a	4251
Osbpl9	4713
Osgepl1	485
Otc	20812
Oxa1l	1241
Oxct1	219
Oxct1as	4
Oxct2a	0
Oxld1	232
Oxnad1	573
Oxr1	1298
Oxsm	929
Pabpc5	0
Paics	6756
Pam16	258
Pank2	901
Paox	1550
Park7	5938
Parl	1033
Pars2	104
Pax9	0
Pcbd2	719
Pcca	2218
Pccb	5128
Pcdha4b	0
Pck2	232
Pcp2	0
Pcx	7371
Pde12	150
Pde2a	955
Pdf	874
Pdha1	3026
Pdha2	0
Pdhb	3009
Pdhx	483
Pdilt	431
Pdk1	2524
Pdk2	2867
Pdk3	44
Pdk4	1183
Pdp1	91
Pdp2	1088
Pdpr	522
Pdss1	161
Pdss2	580
Pdzd7	15
Pdzd9	27
Pet100	699
Pet117	0
Pex11b	530
Pfdn2	1891
Pfdn4	249
Pfkp	210
Pgam5	545
Pgs1	400
Phax	830
Phb1	1488
Phb2	6656
Phyh	51236
Pi4ka	1030
Pick1	721
Pif1	21
Pigw	65
Pink1	4678
Pisd	731
Pitrm1	1103
Plcxd1	1
Pld6	12
Plgrkt	638
Plpbp	2430
Plscr3	534
Pmaip1	38
Pmm2	1749
Pmpca	2002
Pmpcb	2521
Pnkd	3190
Pnpla8	2793
Pnpo	6246
Pnpt1	964
Polb	540
Poldip2	2005
Polg	1639
Polg2	592
Polq	20
Polr3h	193
Polrmt	435
Pomt2	472
Ppa2	1663
Ppat	517
Ppid	1926
Ppif	1612
Ppifos	12
Ppm1k	4634
Ppox	1248
Ppp2r3c	513
Pptc7	433
Prdx2	3836
Prdx3	4246
Prdx4	4122
Prdx5	8362
Prdx6	18345
Prelid1	3064
Prelid2	74
Prelid3a	0
Prelid3b	639
Prepl	645
Primpol	740
Prkaca	1738
Prkn	816
Prodh	4529
Prodh2	14326
Prorp	419
Prss35	0
Prxl2a	4436
Pspn	0
Ptcd1	443
Ptcd2	671
Ptcd3	1158
Ptdss1	1375
Ptges2	329
Ptgr3	1771
Ptpmt1	1738
Ptrh1	33
Ptrh2	550
Pus1	447
Pusl1	244
Pxmp2	7928
Pxmp4	4266
Pycr1	16
Pycr2	163
Pyurf	1392
Qdpr	31175
Qrsl1	83
Qtrt1	115
Rab24	1739
Rab3gap2	926
Rab5if	2202
Rad23a	1277
Rad9b	317
Ranbp3l	47
Rangrf	57
Rars2	505
Rbfa	812
Rbfaos	12
Rbm10	1183
Rbm18	709
Rcc1l	662
Rdh13	204
Rdh14	864
Rdh5	1066
Recql4	102
Rexo2	1489
Rffl	1034
Rfk	1551
Rhot1	1352
Rhot2	1542
Ric8a	673
Rida	43352
Rmdn1	1111
Rmdn3	1573
Rmnd1	1385
Rnaseh1	313
Rnf113a1	31
Rnf146	738
Rnf24	411
Romo1	1929
Rpain	817
Rpia	267
Rpl10-ps6	0
Rpl18	4387
Rpl31-ps20	0
Rps19-ps11	0
Rpusd3	210
Rpusd4	285
Rsad1	305
Rsph9	39
Rtn4ip1	608
S2bpcox16	21
Samm50	3260
Sardh	21837
Sars2	280
Scaf4	1253
Sco1	376
Sco2	14
Scp2	62581
Sdha	10926
Sdhaf1	268
Sdhaf2	968
Sdhaf3	367
Sdhaf4	662
Sdhb	6001
Sdhc	7920
Sdhd	6206
Sdr39u1	327
Sdsl	760
Selenoo	2238
Septin4	697
Serac1	210
Sfxn1	3646
Sfxn2	2165
Sfxn3	78
Sfxn4	17
Sfxn5	873
Shmt2	5974
Sirt3	3942
Sirt4	579
Sirt5	466
Ska3	14
Slc25a1	5623
Slc25a10	2740
Slc25a11	2124
Slc25a12	388
Slc25a13	5817
Slc25a14	105
Slc25a15	12305
Slc25a16	1631
Slc25a18	7
Slc25a19	541
Slc25a2	16
Slc25a20	2532
Slc25a21	902
Slc25a22	4687
Slc25a23	6067
Slc25a24	96
Slc25a25	547
Slc25a26	295
Slc25a27	320
Slc25a28	910
Slc25a29	43
Slc25a3	11182
Slc25a30	662
Slc25a31	7
Slc25a32	644
Slc25a33	803
Slc25a34	287
Slc25a35	20
Slc25a36	450
Slc25a37	1559
Slc25a38	879
Slc25a39	9314
Slc25a4	295
Slc25a40	200
Slc25a41	0
Slc25a42	2662
Slc25a43	13
Slc25a44	1804
Slc25a45	709
Slc25a46	1091
Slc25a47	14957
Slc25a48	89
Slc25a5	8198
Slc25a51	4070
Slc25a53	122
Slc25a54	0
Slc30a9	1821
Slc3a1	3045
Slc5a3	0
Slc7a7	160
Slc8b1	6224
Slirp	950
Smdt1	2824
Smim20	945
Smim26	347
Smim8	352
Snap29	765
Snd1	3717
Sned1	1462
Snora5c	0
Snord138	0
Snord59a	0
Snord94	0
Snw1	775
Sod1	29165
Sod2	5435
Spata19	0
Spata20	0
Spg7	1224
Sphk2	2416
Sphkap	2
Spire1	54
Spout1	387
Spr	2085
Sprn	31
Spryd4	877
Sptlc2	735
Sqor	7519
Ssb	2324
Ssbp1	1396
Stab1	1876
Star	15
Stard7	4007
Stom	1867
Stoml2	1215
Strc	2
Stx17	1000
Styxl1	37
Sucla2	3959
Suclg1	5823
Suclg2	8519
Sugct	1351
Suox	2777
Supv3l1	357
Surf1	1220
Surf2	659
Syce2	95
Sycp3	0
Synj2	216
Synj2bp	0
Syvn1	2975
Taco1	256
Tada2b	360
Taf5	170
Tafazzin	1737
Tamm41	229
Tarbp1	199
Tars2	840
Tbrg4	977
Tcaim	688
Tdgf1-ps2	0
Tdrkh	86
Tefm	434
Tfam	1520
Tfb1m	367
Tfb2m	724
Tha1	306
Them4	755
Them5	2
Them7	423
Thg1l	123
Thnsl1	126
Tiam2	295
Timm10	364
Timm10b	609
Timm13	1386
Timm17a	740
Timm17b	1115
Timm21	897
Timm22	401
Timm23	717
Timm29	808
Timm44	1280
Timm50	841
Timm8a1	390
Timm8a2	5
Timm8b	1189
Timm9	842
Timmdc1	1078
Tk2	888
Tmbim1	1840
Tmco6	550
Tmed10-ps	0
Tmed8	386
Tmem11	821
Tmem126a	987
Tmem126b	389
Tmem143	599
Tmem14c	3762
Tmem177	273
Tmem186	434
Tmem205	9473
Tmem242	1198
Tmem65	267
Tmem70	1329
Tmlhe	504
Tmprss9	13
Tnk1	4
Tom1l1	693
Tomm20	837
Tomm20l	0
Tomm22	1836
Tomm34	865
Tomm40	1064
Tomm40l	632
Tomm5	797
Tomm6	3186
Tomm6os	0
Tomm7	2076
Tomm70a	2732
Top1mt	768
Top3a	291
Trap1	3977
Triap1	295
Trit1	1027
Trmt1	1091
Trmt10c	409
Trmt2b	780
Trmt5	420
Trmu	405
Trnt1	588
Trub2	303
Tsfm	435
Tspo	1496
Tssk6	0
Tst	9236
Tstd1	1127
Tstd3	1146
Ttc19	332
Tubgcp6	247
Tufm	2136
Twnk	1087
Txn2	6470
Txnrd1	3491
Txnrd2	1347
Tymp	9618
Tyw3	106
Tyw5	398
Ubox5	176
Ucp1	0
Ucp2	977
Ucp3	0
Ung	150
Uqcc1	1049
Uqcc2	886
Uqcc3	920
Uqcc4	848
Uqcr10	3370
Uqcr11	5256
Uqcrb	6223
Uqcrc1	6203
Uqcrc2	6300
Uqcrfs1	8828
Uqcrh	11300
Uqcrq	8582
Usp30	374
Usp45	604
Usp49	0
Vars2	457
Vcp-rs	0
Vdac1	7816
Vdac2	3204
Vdac3	2594
Vps13d	2600
Vti1b	1580
Vwa8	3878
Wars2	368
Wdfy1	1142
Wdr77	1092
Wdr90	331
Xpnpep3	724
Yars2	342
Ybey	93
Yipf2	751
Yme1l1	2604
Yrdc	393
Zcchc18	13
Zf12	0
Zfp575	3
Znhit3	125
__no_feature	42958493
__ambiguous	22037
__too_low_aQual	4492154
__not_aligned	3730881
__alignment_not_unique	0
