0610005C13Rik	7329
1700018A23Rik	30
1700018L02Rik	77
1700066M21Rik	1628
1700086O06Rik	176
1700108J01Rik	0
2010103J01Rik	0
2300009A05Rik	449
2310061I04Rik	1097
2610028H24Rik	0
2610203C22Rik	52
3110009E18Rik	46
3200001D21Rik	0
4930451E10Rik	1
4930473H19Rik	0
4930500F10Rik	0
4930506C21Rik	14
4930507D05Rik	2
4930556N13Rik	2
4932702P03Rik	18
4933411K16Rik	0
5730409K12Rik	0
6230400D17Rik	11
6430562O15Rik	0
9330162012Rik	169
9430091E24Rik	148
9630013K17Rik	3
9630015K15Rik	25
A230108P19Rik	23
A430057M04Rik	3
A930013F10Rik	0
AA467197	1
AW495222	17
Aadat	2175
Aamp	5138
Aars2	578
Aass	12701
Abat	10229
Abca9	427
Abcb10	1183
Abcb6	1621
Abcb7	1977
Abcb8	1076
Abcd1	979
Abcd2	2337
Abcd3	15982
Abhd10	492
Abhd11	1533
Abhd11os	32
Abi1	3086
Acaa1a	5996
Acaa1b	22600
Acaa2	28956
Acaca	3704
Acacb	3786
Acad10	1033
Acad11	7805
Acad12	141
Acad8	2615
Acad9	1493
Acadl	7606
Acadm	9628
Acads	3419
Acadsb	5722
Acadvl	11729
Acat1	9227
Ackr4	39
Acly	22099
Aco2	5079
Acod1	67
Acot10	14
Acot11	201
Acot13	2581
Acot2	122
Acot7	985
Acot9	226
Acoxl	3
Acp6	1805
Acsf2	4856
Acsf3	1099
Acsl1	24602
Acsl6	0
Acsm1	14908
Acsm2	26
Acsm3	2758
Acsm4	0
Acsm5	5014
Acss1	26
Acss3	1791
Adck1	542
Adck2	452
Adck5	883
Adcy10	6
Adhfe1	4599
Afg1l	341
Afg3l1	1874
Afg3l2	2712
Agk	218
Agmat	6744
Agpat4	53
Agpat5	473
Agxt	18763
Agxt2	10674
Ahcyl1	4581
Aifm1	3894
Aifm2	778
Aifm3	209
Ak2	8585
Ak3	18049
Ak4	1610
Akap1	4396
Akap10	754
Akr1b10	117
Akr1b7	281
Akr7a5	4502
Alas1	7340
Alas2	1256
Aldh18a1	145
Aldh1a7	10689
Aldh1b1	6241
Aldh1l1	67602
Aldh1l2	22
Aldh2	66969
Aldh3a2	5279
Aldh4a1	17567
Aldh5a1	2841
Aldh6a1	16395
Aldh7a1	15170
Aldh9a1	10536
Alkbh1	600
Alkbh2	278
Alkbh7	416
Amacr	4471
Amt	2264
Angel2	954
Ankrd12	350
Ankrd42	59
Antkmt	1373
Apex1	1021
Apex2	429
Apoa2	197429
Apoo	808
Apool	1167
Arf5	2537
Arg2	16
Arhgap44	38
Arl2	195
Armc10	374
Armcx1	149
Armcx2	183
Armcx3	620
Armcx6	43
Arvcf	596
Atad1	2653
Atad3a	3026
Atp23	227
Atp5f1a	31686
Atp5f1b	36712
Atp5f1c	11550
Atp5f1d	9071
Atp5f1e	4907
Atp5if1	727
Atp5mc1	2928
Atp5mc2	356
Atp5mc3	19335
Atp5me	2295
Atp5mf	7717
Atp5mg	904
Atp5mj	3970
Atp5mk	1754
Atp5pb	14061
Atp5pd	5474
Atp5pf	10770
Atp5po	6887
Atpaf1	207
Atpaf2	986
Atpsckmt	1170
Auh	1508
Aup1	5348
Aurkaip1	2121
Azi2	2354
B3gnt4	0
BC048644	117
Bad	500
Bak1	602
Bax	801
Bbc3	439
Bbof1	418
Bcap31	6270
Bcat2	1792
Bckdha	5728
Bckdhb	4848
Bckdk	337
Bcl2	112
Bcl2a1d	30
Bcl2l1	1109
Bcl2l10	0
Bcl2l11	244
Bcl2l13	1236
Bcl2l2	807
Bco2	1522
Bcs1l	656
Bdh1	6065
Bid	579
Bik	145
Bloc1s1	2037
Bmp8a	0
Bnip3	5038
Bnip3l	2149
Bok	333
Bola1	392
Bola3	1743
Bphl	7381
Bud23	1215
Bud31	1649
C030006K11Rik	179
C1qbp	2983
C330018D20Rik	549
C430014B12Rik	115
Cacna1d	167
Camk1	585
Car5a	2357
Car5b	176
Cars2	828
Casp3	1499
Casp8	1444
Casp9	757
Cat	117403
Cbr2	0
Cbr3	10
Cbr4	1029
Ccdc127	1091
Ccdc142	175
Ccdc159	272
Ccdc51	381
Ccdc78	0
Ccdc90b	442
Ccnc	875
Cd63-ps	0
Cdc123	1807
Cdc37l1	2631
Cdc42bpa	842
Cdh12	42
Cdk5	728
Cdk5rap1	503
Cebpz	1546
Cebpzos	758
Cela2a	40
Cenpq	147
Cenpu	18
Cep89	291
Cfap157	3
Chad	2
Chchd1	882
Chchd10	10339
Chchd2	7970
Chchd3	3829
Chchd4	570
Chchd5	473
Chchd6	78
Chchd7	798
Chdh	5846
Chpt1	3971
Ciapin1	1212
Cisd1	5588
Cisd3	1536
Ckmt1	1
Ckmt2	0
Cldn20	3
Cldnd2	11
Clpb	1320
Clpp	1350
Clpx	11429
Clybl	1790
Cmc1	880
Cmc2	385
Cmpk2	777
Coa3	1705
Coa4	239
Coa5	3291
Coa6	515
Coa7	747
Coa8	708
Coasy	3570
Comt	16841
Comtd1	120
Cops3	1817
Coq10a	1522
Coq10b	997
Coq2	1643
Coq3	822
Coq4	288
Coq5	1388
Coq6	506
Coq7	863
Coq8a	23202
Coq8b	675
Coq9	3085
Cox10	442
Cox11	648
Cox14	731
Cox15	852
Cox16	0
Cox17	1452
Cox18	390
Cox19	1461
Cox20	1787
Cox20b	0
Cox4i1	19382
Cox4i2	2
Cox5a	6213
Cox5b	3688
Cox6a1	8390
Cox6a2	4
Cox6b1	9015
Cox6b2	0
Cox6c	10366
Cox7a1	63
Cox7a2	6594
Cox7a2l	4116
Cox7b	8481
Cox7c	765
Cox8a	6628
Cox8b	0
Cox8c	0
Cpeb3	480
Cpox	4020
Cps1	136690
Cpsf1	1754
Cpt1a	8146
Cpt1b	0
Cpt1c	55
Cpt2	2724
Crat	1380
Crbn	1248
Crls1	2482
Crot	26743
Cry1	765
Cryz	2925
Cryzl2	890
Cs	6296
Csl	0
Cstad	2
Cyb5b	19114
Cyb5r3	24567
Cyb5rl	364
Cyc1	6140
Cycs	2794
Cyct	0
Cyp11a1	2
Cyp11b1	0
Cyp11b2	0
Cyp24a1	0
Cyp27a1	16153
Cyp27b1	3
D030055H07Rik	57
D17Ertd648e	0
D2hgdh	1197
Dap3	1884
Dars2	475
Dbi	37994
Dbp	127
Dbt	4594
Dcakd	1475
Dcun1d3	497
Dcxr	3635
Ddx28	530
Decr1	6370
Dedd	1308
Dele1	1473
Dglucy	1631
Dguok	809
Dhodh	307
Dhrs1	2639
Dhrs2	0
Dhrs4	3900
Dhrs7b	756
Dhtkd1	2746
Dhx30	938
Diablo	864
Dlat	2984
Dld	4652
Dlec1	60
Dlst	5294
Dmac1	794
Dmac2	1289
Dmac2l	240
Dmgdh	15155
Dmpk	2025
Dna2	797
Dnah17	12
Dnai7	1
Dnaja3	2941
Dnajb7	14
Dnajc11	2081
Dnajc15	751
Dnajc19	1545
Dnajc28	212
Dnajc30	830
Dnajc4	413
Dnase1	3
Dnlz	662
Dnm1l	2893
Dolpp1	528
Dus2	493
Dut	306
E130215H24Rik	0
E130311K13Rik	346
Ears2	791
Ech1	5962
Echdc1	4820
Echdc2	8287
Echdc3	6462
Echs1	8868
Eci1	3339
Eci2	4115
Ecsit	1457
Efhd1	15
Ehhadh	12913
Eid3	0
Elac2	884
Endog	1431
Eng	2347
Entpd7	227
Ephx2	22454
Eral1	795
Eri2	289
Eri3	1472
Etfa	14870
Etfb	14282
Etfbkmt	1247
Etfdh	7650
Etfrf1	2177
Ethe1	2983
Exd2	561
Exog	169
F8	645
Fabp1	151853
Fahd1	2867
Fahd2a	864
Fam136a	2268
Fam151a	0
Fam162a	2012
Fam185a	374
Fam210a	3044
Fam210b	2442
Fanci	16
Fars2	984
Fasn	24981
Fastk	1396
Fastkd1	1090
Fastkd2	671
Fastkd3	301
Fastkd5	0
Fbxl4	826
Fbxo15	7
Fdps	12757
Fdx1	3325
Fdx2	4
Fdxr	1360
Fech	5247
Fgf2	55
Fh1	6946
Fhit	304
Fhitos	0
Fis1	2409
Fkbp10	31
Fkbp8	9055
Flad1	1510
Flrt1	112
Fmc1	685
Foxred1	1630
Fpgs	5409
Frs3	191
Fth1	58207
Ftmt	0
Fundc1	533
Fundc2	375
Fxn	792
Fxr1	2699
Gabpa	1650
Gadd45gip1	833
Galr3	0
Garem2	0
Gars1	1913
Gatb	1335
Gatc	658
Gatd3a	2478
Gatm	795
Gba1	1205
Gcat	3396
Gcc1	998
Gcdh	22199
Gcfc2	406
Gcsh	4874
Gdap1	0
Gfer	1446
Gfm1	2447
Gfm2	1734
Gga3	717
Ggnbp1	848
Ghitm	9351
Gldc	7759
Glis2	102
Glod4	1913
Glrx2	1025
Glrx5	1662
Gls	583
Gls2	19634
Glud1	47191
Glyat	8434
Glyctk	8126
Gm10059	123
Gm10322	0
Gm10615	62
Gm10634	11
Gm11513	0
Gm11586	208
Gm11725	1
Gm12224	0
Gm12275	16
Gm12289	0
Gm12854	29
Gm13199	3
Gm13267	3
Gm13535	0
Gm13562	41
Gm13641	0
Gm14425	0
Gm14441	2
Gm15038	1
Gm15466	0
Gm15559	27
Gm15610	201
Gm15715	0
Gm15743	0
Gm15744	0
Gm15756	249
Gm15764	4
Gm15793	0
Gm15801	0
Gm15910	6
Gm15950	0
Gm15953	0
Gm16074	0
Gm16107	0
Gm16128	0
Gm16218	0
Gm16279	15
Gm16845	77
Gm16984	51
Gm17025	35
Gm17059	0
Gm17324	0
Gm17586	148
Gm17803	0
Gm17812	0
Gm17825	0
Gm17833	0
Gm17883	0
Gm17890	0
Gm17971	0
Gm18040	0
Gm18081	0
Gm18132	0
Gm18186	0
Gm18258	0
Gm18371	0
Gm18760	0
Gm18792	0
Gm18800	2
Gm18818	0
Gm18982	0
Gm19007	0
Gm19053	0
Gm19181	0
Gm19192	0
Gm20517	1147
Gm22053	0
Gm22200	0
Gm22422	0
Gm22881	0
Gm22935	0
Gm23126	0
Gm23182	0
Gm23264	0
Gm23547	0
Gm23608	0
Gm23613	0
Gm23803	0
Gm23946	0
Gm24041	0
Gm24119	0
Gm2420	8
Gm24313	0
Gm24355	0
Gm24607	0
Gm24727	0
Gm24873	0
Gm25020	0
Gm25134	0
Gm25464	0
Gm25497	0
Gm25515	0
Gm25862	0
Gm26109	0
Gm26397	0
Gm26854	2
Gm27222	0
Gm27934	0
Gm28209	4
Gm28530	0
Gm29050	0
Gm30001	13
Gm30205	3
Gm30322	11
Gm30708	0
Gm30967	11
Gm30970	28
Gm31005	3
Gm31074	0
Gm31356	1
Gm3145	0
Gm31490	0
Gm32006	1463
Gm32057	0
Gm32211	0
Gm32906	0
Gm33047	0
Gm33315	15
Gm33376	0
Gm33444	33
Gm34620	5
Gm34632	27
Gm35206	0
Gm35449	4
Gm36318	23
Gm36439	5
Gm3699	1
Gm37053	0
Gm38424	78
Gm38431	1182
Gm38560	17
Gm38561	438
Gm38621	0
Gm38666	0
Gm38667	0
Gm38834	0
Gm38969	2
Gm39079	895
Gm39503	5
Gm39547	0
Gm40151	0
Gm40412	0
Gm40462	12
Gm40591	0
Gm40631	0
Gm40671	0
Gm40826	0
Gm40912	0
Gm41176	0
Gm41235	0
Gm41347	0
Gm41525	0
Gm41526	0
Gm41911	0
Gm42378	12
Gm4274	0
Gm44502	2542
Gm45607	1
Gm45933	0
Gm4596	63
Gm45986	0
Gm46124	0
Gm46126	0
Gm46137	0
Gm46172	0
Gm46218	160
Gm46270	2
Gm4632	3
Gm46348	2
Gm46363	19
Gm46374	3
Gm46487	0
Gm46495	0
Gm46604	139
Gm46809	0
Gm46848	0
Gm46966	0
Gm47112	13
Gm4952	3058
Gm4984	0
Gm5089	12
Gm51445	1
Gm51452	5
Gm51534	94
Gm51685	9
Gm51750	0
Gm51751	1
Gm51866	0
Gm51935	21
Gm51974	2
Gm52042	8
Gm52057	0
Gm52108	1
Gm52129	0
Gm52130	0
Gm52131	0
Gm52132	1
Gm52185	38
Gm52231	0
Gm52343	0
Gm52532	0
Gm52594	0
Gm52600	0
Gm52601	0
Gm52629	0
Gm52664	0
Gm52724	5
Gm52783	16
Gm52819	0
Gm52910	0
Gm53062	0
Gm53200	1
Gm53208	0
Gm53257	0
Gm53279	0
Gm53356	1
Gm53380	0
Gm53381	0
Gm53469	3
Gm53493	0
Gm53507	0
Gm53644	1
Gm53767	115
Gm53848	3
Gm53862	4
Gm53947	8
Gm54080	266
Gm54100	0
Gm54113	0
Gm54125	0
Gm54219	1
Gm54255	0
Gm54291	75
Gm5687	2
Gm57660	9
Gm57782	90
Gm57786	2
Gm57805	0
Gm6050	0
Gm6161	0
Gm6238	0
Gm6333	0
Gm6374	0
Gm6566	0
Gm6997	56
Gm7399	0
Gm7890	0
Gm8482	0
Gm867	0
Gml2	0
Gnb4	102
Golph3	3477
Got2	15754
Gpam	9837
Gpat2	172
Gpd2	918
Gpr137	996
Gpsm1	127
Gpt2	12252
Gpx1	46618
Gpx4	1637
Grhpr	4760
Grpel1	3998
Grpel2	1703
Grsf1	3821
Gsr	3258
Gstk1	4014
Gstz1	30406
Gtf3a	607
Gtpbp10	766
Gtpbp3	437
Gtpbp6	411
Guf1	662
Guk1	810
Gykl1	0
Hadh	10665
Hadha	8385
Hadhb	2159
Hagh	11230
Hao2	60
Hars2	1264
Haus1	363
Hccs	546
Hdhd3	1367
Hdhd5	1045
Hebp1	10700
Hemk1	988
Hexb	1057
Hibadh	18597
Hibch	2680
Higd1a	1134
Higd2a	1740
Hint1	6788
Hint2	2322
Hint3	2466
Hmgb3-ps	0
Hmgcl	5911
Hmgcs2	50674
Hnrnpu	13847
Hoga1	6699
Hpdl	0
Hscb	131
Hsd17b10	4443
Hsd17b4	10448
Hsd17b8	3111
Hsdl1	434
Hsdl2	2005
Hspa9	17286
Hspd1	13373
Hspe1	6431
Htatip2	2113
Htra2	491
Iars2	2055
Iba57	323
Ide	3175
Idh2	5062
Idh3a	1513
Idh3b	5873
Idh3g	1951
Idi1	8029
Ifi27	3430
Ifi27l2a	256
Il18	1184
Immp1l	975
Immp2l	2094
Immt	3492
Ino80dos	459
Inpp5e	660
Ints11	647
Isca1	1700
Isca2	1269
Iscu	2500
Isoc2a	4263
Itgad	0
Ivd	8779
Kars1	2319
Kat14	858
Khnyn	2185
Kmo	9965
Kyat3	10132
L2hgdh	2053
LOC100862337	0
LOC118567727	0
Lactb	1485
Lactb2	15930
Lap3	12157
Lars2	21040
Ldhal6b	0
Ldhb	75
Ldhd	4971
Ldlrad4	356
Letm1	1962
Letm2	198
Letmd1	1068
Lias	1245
Lig3	819
Lipt1	313
Lipt2	172
Lonp1	3901
Loxl3	104
Lrfn4	13
Lrig1	952
Lrpprc	3833
Lrrc14b	7
Lrrc24	19
Lrrc4	0
Lrrn3	34
Lxn	35
Lypla1	8296
Lyplal1	652
Lyrm1	122
Lyrm2	447
Lyrm4	471
Lyrm7	139
Lyrm9	197
Macrod1	1500
Macroh2a2	29
Maip1	780
Malsu1	704
Maneal	0
Maoa	465
Maob	12575
Map3k15	71
Mapk8ip3	2302
Marchf5	3800
Mars2	74
Mavs	3001
Mcat	819
Mccc1	2611
Mccc1os	20
Mccc2	2799
Mcee	2435
Mcl1	5264
Mcm3ap	1035
Mcrip2	1090
Mcu	1232
Mcub	14
Mcur1	1763
Mdh2	5649
Me2	177
Me3	9
Mecr	1322
Metap1d	3560
Mettl15	158
Mettl17	773
Mettl25b	984
Mettl4	439
Mettl5	781
Mettl8	453
Mff	1299
Mfn1	2234
Mfn2	2971
Mfsd3	273
Mgarp	0
Mgme1	447
Mgst1	120712
Mgst3	1251
Micos10	2702
Micos13	1984
Micu1	949
Micu2	1892
Micu3	226
Mief1	1226
Mief2	563
Miga1	138
Miga2	1437
Milr1	62
Mipep	889
Mir103-2	0
Mir12193	0
Mir1258	0
Mir135a-1	0
Mir139	0
Mir147	0
Mir194-1	0
Mir1960	0
Mir1981	0
Mir215	0
Mir3068	0
Mir3100	0
Mir324	0
Mir3473f	0
Mir3620	0
Mir5100	0
Mir5619	0
Mir6397	0
Mir6400	0
Mir6481	0
Mir677	0
Mir6900	0
Mir6918	0
Mir6930	0
Mir6931	0
Mir6933	0
Mir6984	0
Mir7019	0
Mir7020	0
Mir7051	0
Mir7093	0
Mir7116	0
Mir7219	0
Mir761	0
Mir7647	0
Mir7672	0
Mir8093	0
Mitd1	776
Mix23	2124
Mlycd	2633
Mmaa	1176
Mmab	1613
Mmadhc	2197
Mmut	5361
Mnd1-ps	19
Mocs1	3808
Mpc1	7595
Mpc2	9953
Mpst	2934
Mpv17	1245
Mpv17l	1208
Mpv17l2	524
Mrm1	261
Mrm2	230
Mrm3	291
Mrpl1	1314
Mrpl10	1776
Mrpl11	1217
Mrpl12	3371
Mrpl13	1526
Mrpl14	1907
Mrpl15	2826
Mrpl16	1196
Mrpl17	1680
Mrpl18	3793
Mrpl19	641
Mrpl2	1513
Mrpl20	1172
Mrpl21	838
Mrpl22	886
Mrpl23	672
Mrpl24	3283
Mrpl27	1695
Mrpl28	1189
Mrpl3	989
Mrpl30	2182
Mrpl32	695
Mrpl33	0
Mrpl34	649
Mrpl35	1110
Mrpl36	943
Mrpl37	1671
Mrpl38	1887
Mrpl39	1770
Mrpl4	1205
Mrpl40	811
Mrpl41	555
Mrpl42	1894
Mrpl43	867
Mrpl44	686
Mrpl45	1225
Mrpl46	650
Mrpl47	416
Mrpl48	928
Mrpl49	1219
Mrpl50	2448
Mrpl51	2374
Mrpl52	926
Mrpl53	803
Mrpl54	676
Mrpl55	621
Mrpl57	567
Mrpl58	1170
Mrpl9	1248
Mrps10	1392
Mrps11	544
Mrps12	723
Mrps14	1371
Mrps15	1127
Mrps16	1089
Mrps17	1693
Mrps18a	840
Mrps18b	1647
Mrps18c	1086
Mrps2	1773
Mrps21	1470
Mrps22	896
Mrps23	816
Mrps24	1501
Mrps25	663
Mrps26	664
Mrps27	1174
Mrps28	597
Mrps30	956
Mrps31	1359
Mrps33	1480
Mrps34	1553
Mrps35	1286
Mrps36	150
Mrps5	1157
Mrps6	633
Mrps7	2734
Mrps9	1002
Mrrf	930
Mrs2	1183
Msra	6273
Msrb2	596
Msrb3	638
Mtarc1	18694
Mtarc2	17046
Mtch1	2487
Mtch2	6391
Mterf1a	113
Mterf1b	131
Mterf2	135
Mterf3	1164
Mterf4	485
Mtfmt	506
Mtfp1	1515
Mtfr1	2383
Mtfr1l	2220
Mtfr2	16
Mtg1	521
Mtg2	622
Mthfd1l	71
Mthfd2	93
Mthfd2l	191
Mthfs	725
Mthfsl	1289
Mtif2	1562
Mtif3	884
Mto1	618
Mtpap	1028
Mtres1	1042
Mtrf1	822
Mtrf1l	304
Mtrfr	321
Mtx1	1046
Mtx2	1934
Mtx3	885
Mul1	1591
Mutyh	17
Mxd3	18
Myg1	894
Myo19	434
Nadk2	6220
Nags	2213
Naif1	240
Nars2	948
Nat8l	2
Naxd	2014
Naxe	2940
Nbr1	6443
Ncaph2	1712
Ncor1	2659
Ndufa1	2665
Ndufa10	5970
Ndufa11	1534
Ndufa12	1386
Ndufa13	5266
Ndufa2	2071
Ndufa3	3710
Ndufa4	10129
Ndufa4l2	94
Ndufa5	2108
Ndufa6	7034
Ndufa7	4182
Ndufa8	3805
Ndufa9	5933
Ndufab1	1616
Ndufaf1	1344
Ndufaf2	597
Ndufaf3	390
Ndufaf4	1753
Ndufaf5	331
Ndufaf6	787
Ndufaf7	599
Ndufaf8	363
Ndufb10	6152
Ndufb11	4449
Ndufb2	1711
Ndufb3	2137
Ndufb4	571
Ndufb5	4057
Ndufb6	2927
Ndufb7	2435
Ndufb8	6162
Ndufb9	7434
Ndufc1	1558
Ndufc2	3233
Ndufs1	3662
Ndufs2	8051
Ndufs3	5519
Ndufs4	3107
Ndufs5	957
Ndufs6	3231
Ndufs7	2457
Ndufs8	3151
Ndufv1	5825
Ndufv2	5524
Ndufv3	4261
Neu4	0
Nfs1	1781
Nfu1	1490
Ngly1	1833
Ngrn	683
Nif3l1	609
Nipsnap1	13741
Nipsnap2	736
Nipsnap3a	0
Nipsnap3b	2840
Nit1	3070
Nit2	8204
Nkapd1	551
Nln	879
Nlrx1	411
Nme3	753
Nme4	57
Nme6	840
Nmnat3	487
Nnt	5212
Noa1	457
Noct	1633
Nop56	1187
Nr1i3	5295
Nr2c2	979
Nrdc	3394
Nrp	0
Nsun2	2681
Nsun3	527
Nsun4	896
Nt5c3b	167
Nt5dc2	108
Nt5dc3	777
Nt5m	629
Nthl1	202
Nubpl	197
Nudt1	730
Nudt13	758
Nudt19	3055
Nudt2	544
Nudt5	743
Nudt6	474
Nudt8	480
Nudt9	1566
Oat	39122
Ociad1	4261
Ociad2	1200
Ogdh	5872
Ogdhl	9
Ogg1	151
Oma1	857
Opa1	2866
Opa3	462
Osbpl1a	3866
Osbpl9	4774
Osgepl1	674
Otc	24799
Oxa1l	1629
Oxct1	263
Oxct1as	4
Oxct2a	0
Oxld1	314
Oxnad1	790
Oxr1	1835
Oxsm	1173
Pabpc5	0
Paics	9610
Pam16	325
Pank2	1141
Paox	1582
Park7	6295
Parl	1355
Pars2	118
Pax9	0
Pcbd2	658
Pcca	2595
Pccb	5290
Pcdha4b	0
Pck2	129
Pcp2	0
Pcx	9995
Pde12	610
Pde2a	888
Pdf	1494
Pdha1	3658
Pdha2	0
Pdhb	4213
Pdhx	846
Pdilt	572
Pdk1	3489
Pdk2	3359
Pdk3	41
Pdk4	805
Pdp1	85
Pdp2	940
Pdpr	781
Pdss1	238
Pdss2	575
Pdzd7	15
Pdzd9	75
Pet100	512
Pet117	0
Pex11b	1061
Pfdn2	1998
Pfdn4	263
Pfkp	137
Pgam5	1093
Pgs1	901
Phax	932
Phb1	1575
Phb2	7465
Phyh	57025
Pi4ka	1243
Pick1	694
Pif1	5
Pigw	213
Pink1	5092
Pisd	858
Pitrm1	1072
Plcxd1	28
Pld6	53
Plgrkt	520
Plpbp	2727
Plscr3	407
Pmaip1	68
Pmm2	2243
Pmpca	2566
Pmpcb	3340
Pnkd	5004
Pnpla8	3553
Pnpo	6959
Pnpt1	1192
Polb	894
Poldip2	3150
Polg	1448
Polg2	495
Polq	27
Polr3h	270
Polrmt	659
Pomt2	623
Ppa2	1945
Ppat	1092
Ppid	2117
Ppif	1780
Ppifos	7
Ppm1k	2387
Ppox	1587
Ppp2r3c	562
Pptc7	678
Prdx2	4622
Prdx3	5168
Prdx4	4940
Prdx5	9713
Prdx6	21590
Prelid1	3875
Prelid2	29
Prelid3a	0
Prelid3b	1251
Prepl	899
Primpol	428
Prkaca	2818
Prkn	469
Prodh	4267
Prodh2	11268
Prorp	449
Prss35	1
Prxl2a	4806
Pspn	0
Ptcd1	523
Ptcd2	968
Ptcd3	1465
Ptdss1	1678
Ptges2	518
Ptgr3	2772
Ptpmt1	2181
Ptrh1	24
Ptrh2	705
Pus1	549
Pusl1	270
Pxmp2	6280
Pxmp4	4054
Pycr1	14
Pycr2	271
Pyurf	1612
Qdpr	34258
Qrsl1	286
Qtrt1	180
Rab24	1595
Rab3gap2	926
Rab5if	2802
Rad23a	1643
Rad9b	254
Ranbp3l	36
Rangrf	52
Rars2	730
Rbfa	969
Rbfaos	23
Rbm10	1605
Rbm18	746
Rcc1l	869
Rdh13	587
Rdh14	905
Rdh5	1124
Recql4	73
Rexo2	2235
Rffl	1106
Rfk	2309
Rhot1	1894
Rhot2	1762
Ric8a	793
Rida	49054
Rmdn1	1259
Rmdn3	2165
Rmnd1	1205
Rnaseh1	351
Rnf113a1	45
Rnf146	1119
Rnf24	478
Romo1	1685
Rpain	1322
Rpia	339
Rpl10-ps6	0
Rpl18	4350
Rpl31-ps20	0
Rps19-ps11	0
Rpusd3	334
Rpusd4	286
Rsad1	424
Rsph9	43
Rtn4ip1	709
S2bpcox16	25
Samm50	4490
Sardh	25526
Sars2	315
Scaf4	2128
Sco1	580
Sco2	13
Scp2	88447
Sdha	14198
Sdhaf1	489
Sdhaf2	1114
Sdhaf3	415
Sdhaf4	689
Sdhb	7151
Sdhc	8735
Sdhd	6963
Sdr39u1	437
Sdsl	586
Selenoo	2256
Septin4	735
Serac1	250
Sfxn1	4690
Sfxn2	2328
Sfxn3	100
Sfxn4	46
Sfxn5	1379
Shmt2	8087
Sirt3	3561
Sirt4	666
Sirt5	659
Ska3	24
Slc25a1	8359
Slc25a10	4526
Slc25a11	2940
Slc25a12	471
Slc25a13	6260
Slc25a14	113
Slc25a15	15168
Slc25a16	2599
Slc25a18	8
Slc25a19	559
Slc25a2	8
Slc25a20	2712
Slc25a21	768
Slc25a22	6492
Slc25a23	11235
Slc25a24	104
Slc25a25	6012
Slc25a26	297
Slc25a27	186
Slc25a28	934
Slc25a29	121
Slc25a3	13115
Slc25a30	600
Slc25a31	2
Slc25a32	717
Slc25a33	343
Slc25a34	120
Slc25a35	38
Slc25a36	339
Slc25a37	2867
Slc25a38	976
Slc25a39	10553
Slc25a4	310
Slc25a40	187
Slc25a41	4
Slc25a42	2364
Slc25a43	8
Slc25a44	2932
Slc25a45	1443
Slc25a46	1631
Slc25a47	6697
Slc25a48	172
Slc25a5	14583
Slc25a51	4589
Slc25a53	102
Slc25a54	0
Slc30a9	3053
Slc3a1	3819
Slc5a3	0
Slc7a7	222
Slc8b1	2103
Slirp	897
Smdt1	3031
Smim20	1118
Smim26	392
Smim8	303
Snap29	1008
Snd1	3654
Sned1	1375
Snora5c	0
Snord138	0
Snord59a	0
Snord94	0
Snw1	1186
Sod1	38243
Sod2	6415
Spata19	0
Spata20	0
Spg7	1382
Sphk2	1265
Sphkap	0
Spire1	32
Spout1	615
Spr	2182
Sprn	51
Spryd4	1394
Sptlc2	1128
Sqor	8832
Ssb	2945
Ssbp1	1377
Stab1	2159
Star	81
Stard7	5358
Stom	2500
Stoml2	1510
Strc	0
Stx17	1289
Styxl1	27
Sucla2	4895
Suclg1	7879
Suclg2	12135
Sugct	1783
Suox	4043
Supv3l1	659
Surf1	1581
Surf2	817
Syce2	135
Sycp3	2
Synj2	294
Synj2bp	0
Syvn1	4652
Taco1	272
Tada2b	910
Taf5	239
Tafazzin	2214
Tamm41	220
Tarbp1	246
Tars2	1051
Tbrg4	1489
Tcaim	1104
Tdgf1-ps2	0
Tdrkh	166
Tefm	443
Tfam	1736
Tfb1m	365
Tfb2m	698
Tha1	324
Them4	723
Them5	1
Them7	613
Thg1l	188
Thnsl1	165
Tiam2	583
Timm10	481
Timm10b	781
Timm13	1234
Timm17a	860
Timm17b	1127
Timm21	912
Timm22	579
Timm23	947
Timm29	1438
Timm44	1693
Timm50	1041
Timm8a1	410
Timm8a2	0
Timm8b	1392
Timm9	1233
Timmdc1	1505
Tk2	892
Tmbim1	2305
Tmco6	263
Tmed10-ps	0
Tmed8	582
Tmem11	969
Tmem126a	1281
Tmem126b	454
Tmem143	497
Tmem14c	4888
Tmem177	267
Tmem186	603
Tmem205	11950
Tmem242	1548
Tmem65	400
Tmem70	1860
Tmlhe	608
Tmprss9	8
Tnk1	7
Tom1l1	957
Tomm20	1331
Tomm20l	0
Tomm22	2027
Tomm34	803
Tomm40	1473
Tomm40l	654
Tomm5	922
Tomm6	3150
Tomm6os	0
Tomm7	1737
Tomm70a	4232
Top1mt	1056
Top3a	328
Trap1	5062
Triap1	402
Trit1	741
Trmt1	1336
Trmt10c	806
Trmt2b	1067
Trmt5	488
Trmu	427
Trnt1	774
Trub2	459
Tsfm	562
Tspo	1940
Tssk6	3
Tst	9744
Tstd1	1444
Tstd3	1416
Ttc19	512
Tubgcp6	396
Tufm	2658
Twnk	1169
Txn2	6214
Txnrd1	4911
Txnrd2	1406
Tymp	4674
Tyw3	130
Tyw5	426
Ubox5	249
Ucp1	0
Ucp2	1384
Ucp3	0
Ung	176
Uqcc1	1376
Uqcc2	880
Uqcc3	797
Uqcc4	986
Uqcr10	3115
Uqcr11	4797
Uqcrb	6294
Uqcrc1	8047
Uqcrc2	7801
Uqcrfs1	9280
Uqcrh	8784
Uqcrq	8294
Usp30	538
Usp45	828
Usp49	0
Vars2	687
Vcp-rs	0
Vdac1	8535
Vdac2	4309
Vdac3	3253
Vps13d	2817
Vti1b	1727
Vwa8	3947
Wars2	369
Wdfy1	1386
Wdr77	1598
Wdr90	373
Xpnpep3	1034
Yars2	527
Ybey	132
Yipf2	811
Yme1l1	3659
Yrdc	791
Zcchc18	5
Zf12	0
Zfp575	0
Znhit3	254
__no_feature	45103580
__ambiguous	22938
__too_low_aQual	4018978
__not_aligned	2023279
__alignment_not_unique	0
